Date of analysis,Country,Total country population,Level 1,Area,Validity period,From,To,Phase,Number,Percentage
#date+analysis,#country+code,#population,#loc+level1,#loc+area,#period+v_ipc,#date+start,#date+end,#severity+v_ipc,#affected+num,#affected+pct
Nov 2024,PAK,241490000,KHYBER PAKHTUNKHWA,Swat,current,2024-11-01,2025-03-31,all,1944317,1.0
Nov 2024,PAK,241490000,KHYBER PAKHTUNKHWA,Swat,current,2024-11-01,2025-03-31,3+,291648,0.15
Nov 2024,PAK,241490000,KHYBER PAKHTUNKHWA,Swat,current,2024-11-01,2025-03-31,1,972159,0.5
Nov 2024,PAK,241490000,KHYBER PAKHTUNKHWA,Swat,current,2024-11-01,2025-03-31,2,680511,0.35
Nov 2024,PAK,241490000,KHYBER PAKHTUNKHWA,Swat,current,2024-11-01,2025-03-31,3,291648,0.15
Nov 2024,PAK,241490000,KHYBER PAKHTUNKHWA,Swat,current,2024-11-01,2025-03-31,4,0,0
Nov 2024,PAK,241490000,KHYBER PAKHTUNKHWA,Swat,current,2024-11-01,2025-03-31,5,0,0
Nov 2024,PAK,241490000,KHYBER PAKHTUNKHWA,Swat,first projection,2025-04-01,2025-07-31,all,1944317,1.0
Nov 2024,PAK,241490000,KHYBER PAKHTUNKHWA,Swat,first projection,2025-04-01,2025-07-31,3+,194432,0.1
Nov 2024,PAK,241490000,KHYBER PAKHTUNKHWA,Swat,first projection,2025-04-01,2025-07-31,1,972159,0.5
Nov 2024,PAK,241490000,KHYBER PAKHTUNKHWA,Swat,first projection,2025-04-01,2025-07-31,2,777727,0.4
Nov 2024,PAK,241490000,KHYBER PAKHTUNKHWA,Swat,first projection,2025-04-01,2025-07-31,3,194432,0.1
Nov 2024,PAK,241490000,KHYBER PAKHTUNKHWA,Swat,first projection,2025-04-01,2025-07-31,4,0,0
Nov 2024,PAK,241490000,KHYBER PAKHTUNKHWA,Swat,first projection,2025-04-01,2025-07-31,5,0,0
Nov 2024,PAK,241490000,KHYBER PAKHTUNKHWA,Batagram,current,2024-11-01,2025-03-31,all,568263,1.0
Nov 2024,PAK,241490000,KHYBER PAKHTUNKHWA,Batagram,current,2024-11-01,2025-03-31,3+,142066,0.25
Nov 2024,PAK,241490000,KHYBER PAKHTUNKHWA,Batagram,current,2024-11-01,2025-03-31,1,227305,0.4
Nov 2024,PAK,241490000,KHYBER PAKHTUNKHWA,Batagram,current,2024-11-01,2025-03-31,2,198892,0.35
Nov 2024,PAK,241490000,KHYBER PAKHTUNKHWA,Batagram,current,2024-11-01,2025-03-31,3,113653,0.2
Nov 2024,PAK,241490000,KHYBER PAKHTUNKHWA,Batagram,current,2024-11-01,2025-03-31,4,28413,0.05
Nov 2024,PAK,241490000,KHYBER PAKHTUNKHWA,Batagram,current,2024-11-01,2025-03-31,5,0,0
Nov 2024,PAK,241490000,KHYBER PAKHTUNKHWA,Batagram,first projection,2025-04-01,2025-07-31,all,568263,1.0
Nov 2024,PAK,241490000,KHYBER PAKHTUNKHWA,Batagram,first projection,2025-04-01,2025-07-31,3+,113653,0.2
Nov 2024,PAK,241490000,KHYBER PAKHTUNKHWA,Batagram,first projection,2025-04-01,2025-07-31,1,227305,0.4
Nov 2024,PAK,241490000,KHYBER PAKHTUNKHWA,Batagram,first projection,2025-04-01,2025-07-31,2,227305,0.4
Nov 2024,PAK,241490000,KHYBER PAKHTUNKHWA,Batagram,first projection,2025-04-01,2025-07-31,3,113653,0.2
Nov 2024,PAK,241490000,KHYBER PAKHTUNKHWA,Batagram,first projection,2025-04-01,2025-07-31,4,0,0
Nov 2024,PAK,241490000,KHYBER PAKHTUNKHWA,Batagram,first projection,2025-04-01,2025-07-31,5,0,0
Nov 2024,PAK,241490000,KHYBER PAKHTUNKHWA,Bannu,current,2024-11-01,2025-03-31,all,1336206,1.0
Nov 2024,PAK,241490000,KHYBER PAKHTUNKHWA,Bannu,current,2024-11-01,2025-03-31,3+,267241,0.2
Nov 2024,PAK,241490000,KHYBER PAKHTUNKHWA,Bannu,current,2024-11-01,2025-03-31,1,801724,0.6
Nov 2024,PAK,241490000,KHYBER PAKHTUNKHWA,Bannu,current,2024-11-01,2025-03-31,2,267241,0.2
Nov 2024,PAK,241490000,KHYBER PAKHTUNKHWA,Bannu,current,2024-11-01,2025-03-31,3,200431,0.15
Nov 2024,PAK,241490000,KHYBER PAKHTUNKHWA,Bannu,current,2024-11-01,2025-03-31,4,66810,0.05
Nov 2024,PAK,241490000,KHYBER PAKHTUNKHWA,Bannu,current,2024-11-01,2025-03-31,5,0,0
Nov 2024,PAK,241490000,KHYBER PAKHTUNKHWA,Bannu,first projection,2025-04-01,2025-07-31,all,1336206,1.0
Nov 2024,PAK,241490000,KHYBER PAKHTUNKHWA,Bannu,first projection,2025-04-01,2025-07-31,3+,267241,0.2
Nov 2024,PAK,241490000,KHYBER PAKHTUNKHWA,Bannu,first projection,2025-04-01,2025-07-31,1,801724,0.6
Nov 2024,PAK,241490000,KHYBER PAKHTUNKHWA,Bannu,first projection,2025-04-01,2025-07-31,2,267241,0.2
Nov 2024,PAK,241490000,KHYBER PAKHTUNKHWA,Bannu,first projection,2025-04-01,2025-07-31,3,267241,0.2
Nov 2024,PAK,241490000,KHYBER PAKHTUNKHWA,Bannu,first projection,2025-04-01,2025-07-31,4,0,0
Nov 2024,PAK,241490000,KHYBER PAKHTUNKHWA,Bannu,first projection,2025-04-01,2025-07-31,5,0,0
Nov 2024,PAK,241490000,KHYBER PAKHTUNKHWA,Buner,current,2024-11-01,2025-03-31,all,1038731,1.0
Nov 2024,PAK,241490000,KHYBER PAKHTUNKHWA,Buner,current,2024-11-01,2025-03-31,3+,207747,0.2
Nov 2024,PAK,241490000,KHYBER PAKHTUNKHWA,Buner,current,2024-11-01,2025-03-31,1,415492,0.4
Nov 2024,PAK,241490000,KHYBER PAKHTUNKHWA,Buner,current,2024-11-01,2025-03-31,2,415492,0.4
Nov 2024,PAK,241490000,KHYBER PAKHTUNKHWA,Buner,current,2024-11-01,2025-03-31,3,155810,0.15
Nov 2024,PAK,241490000,KHYBER PAKHTUNKHWA,Buner,current,2024-11-01,2025-03-31,4,51937,0.05
Nov 2024,PAK,241490000,KHYBER PAKHTUNKHWA,Buner,current,2024-11-01,2025-03-31,5,0,0
Nov 2024,PAK,241490000,KHYBER PAKHTUNKHWA,Buner,first projection,2025-04-01,2025-07-31,all,1038731,1.0
Nov 2024,PAK,241490000,KHYBER PAKHTUNKHWA,Buner,first projection,2025-04-01,2025-07-31,3+,207746,0.2
Nov 2024,PAK,241490000,KHYBER PAKHTUNKHWA,Buner,first projection,2025-04-01,2025-07-31,1,415492,0.4
Nov 2024,PAK,241490000,KHYBER PAKHTUNKHWA,Buner,first projection,2025-04-01,2025-07-31,2,415492,0.4
Nov 2024,PAK,241490000,KHYBER PAKHTUNKHWA,Buner,first projection,2025-04-01,2025-07-31,3,207746,0.2
Nov 2024,PAK,241490000,KHYBER PAKHTUNKHWA,Buner,first projection,2025-04-01,2025-07-31,4,0,0
Nov 2024,PAK,241490000,KHYBER PAKHTUNKHWA,Buner,first projection,2025-04-01,2025-07-31,5,0,0
Nov 2024,PAK,241490000,KHYBER PAKHTUNKHWA,Chitral lower,current,2024-11-01,2025-03-31,all,269541,1.0
Nov 2024,PAK,241490000,KHYBER PAKHTUNKHWA,Chitral lower,current,2024-11-01,2025-03-31,3+,67385,0.25
Nov 2024,PAK,241490000,KHYBER PAKHTUNKHWA,Chitral lower,current,2024-11-01,2025-03-31,1,134771,0.5
Nov 2024,PAK,241490000,KHYBER PAKHTUNKHWA,Chitral lower,current,2024-11-01,2025-03-31,2,67385,0.25
Nov 2024,PAK,241490000,KHYBER PAKHTUNKHWA,Chitral lower,current,2024-11-01,2025-03-31,3,53908,0.2
Nov 2024,PAK,241490000,KHYBER PAKHTUNKHWA,Chitral lower,current,2024-11-01,2025-03-31,4,13477,0.05
Nov 2024,PAK,241490000,KHYBER PAKHTUNKHWA,Chitral lower,current,2024-11-01,2025-03-31,5,0,0
Nov 2024,PAK,241490000,KHYBER PAKHTUNKHWA,Chitral lower,first projection,2025-04-01,2025-07-31,all,269541,1.0
Nov 2024,PAK,241490000,KHYBER PAKHTUNKHWA,Chitral lower,first projection,2025-04-01,2025-07-31,3+,53908,0.2
Nov 2024,PAK,241490000,KHYBER PAKHTUNKHWA,Chitral lower,first projection,2025-04-01,2025-07-31,1,134771,0.5
Nov 2024,PAK,241490000,KHYBER PAKHTUNKHWA,Chitral lower,first projection,2025-04-01,2025-07-31,2,80862,0.3
Nov 2024,PAK,241490000,KHYBER PAKHTUNKHWA,Chitral lower,first projection,2025-04-01,2025-07-31,3,53908,0.2
Nov 2024,PAK,241490000,KHYBER PAKHTUNKHWA,Chitral lower,first projection,2025-04-01,2025-07-31,4,0,0
Nov 2024,PAK,241490000,KHYBER PAKHTUNKHWA,Chitral lower,first projection,2025-04-01,2025-07-31,5,0,0
Nov 2024,PAK,241490000,KHYBER PAKHTUNKHWA,Tor ghar,current,2024-11-01,2025-03-31,all,205777,1.0
Nov 2024,PAK,241490000,KHYBER PAKHTUNKHWA,Tor ghar,current,2024-11-01,2025-03-31,3+,61733,0.3
Nov 2024,PAK,241490000,KHYBER PAKHTUNKHWA,Tor ghar,current,2024-11-01,2025-03-31,1,92600,0.45
Nov 2024,PAK,241490000,KHYBER PAKHTUNKHWA,Tor ghar,current,2024-11-01,2025-03-31,2,51444,0.25
Nov 2024,PAK,241490000,KHYBER PAKHTUNKHWA,Tor ghar,current,2024-11-01,2025-03-31,3,51444,0.25
Nov 2024,PAK,241490000,KHYBER PAKHTUNKHWA,Tor ghar,current,2024-11-01,2025-03-31,4,10289,0.05
Nov 2024,PAK,241490000,KHYBER PAKHTUNKHWA,Tor ghar,current,2024-11-01,2025-03-31,5,0,0
Nov 2024,PAK,241490000,KHYBER PAKHTUNKHWA,Tor ghar,first projection,2025-04-01,2025-07-31,all,205777,1.0
Nov 2024,PAK,241490000,KHYBER PAKHTUNKHWA,Tor ghar,first projection,2025-04-01,2025-07-31,3+,51444,0.25
Nov 2024,PAK,241490000,KHYBER PAKHTUNKHWA,Tor ghar,first projection,2025-04-01,2025-07-31,1,92600,0.45
Nov 2024,PAK,241490000,KHYBER PAKHTUNKHWA,Tor ghar,first projection,2025-04-01,2025-07-31,2,61733,0.3
Nov 2024,PAK,241490000,KHYBER PAKHTUNKHWA,Tor ghar,first projection,2025-04-01,2025-07-31,3,51444,0.25
Nov 2024,PAK,241490000,KHYBER PAKHTUNKHWA,Tor ghar,first projection,2025-04-01,2025-07-31,4,0,0
Nov 2024,PAK,241490000,KHYBER PAKHTUNKHWA,Tor ghar,first projection,2025-04-01,2025-07-31,5,0,0
Nov 2024,PAK,241490000,KHYBER PAKHTUNKHWA,Hangu,current,2024-11-01,2025-03-31,all,447828,1.0
Nov 2024,PAK,241490000,KHYBER PAKHTUNKHWA,Hangu,current,2024-11-01,2025-03-31,3+,111957,0.25
Nov 2024,PAK,241490000,KHYBER PAKHTUNKHWA,Hangu,current,2024-11-01,2025-03-31,1,201523,0.45
Nov 2024,PAK,241490000,KHYBER PAKHTUNKHWA,Hangu,current,2024-11-01,2025-03-31,2,134348,0.3
Nov 2024,PAK,241490000,KHYBER PAKHTUNKHWA,Hangu,current,2024-11-01,2025-03-31,3,89566,0.2
Nov 2024,PAK,241490000,KHYBER PAKHTUNKHWA,Hangu,current,2024-11-01,2025-03-31,4,22391,0.05
Nov 2024,PAK,241490000,KHYBER PAKHTUNKHWA,Hangu,current,2024-11-01,2025-03-31,5,0,0
Nov 2024,PAK,241490000,KHYBER PAKHTUNKHWA,Hangu,first projection,2025-04-01,2025-07-31,all,447828,1.0
Nov 2024,PAK,241490000,KHYBER PAKHTUNKHWA,Hangu,first projection,2025-04-01,2025-07-31,3+,89566,0.2
Nov 2024,PAK,241490000,KHYBER PAKHTUNKHWA,Hangu,first projection,2025-04-01,2025-07-31,1,223914,0.5
Nov 2024,PAK,241490000,KHYBER PAKHTUNKHWA,Hangu,first projection,2025-04-01,2025-07-31,2,134348,0.3
Nov 2024,PAK,241490000,KHYBER PAKHTUNKHWA,Hangu,first projection,2025-04-01,2025-07-31,3,89566,0.2
Nov 2024,PAK,241490000,KHYBER PAKHTUNKHWA,Hangu,first projection,2025-04-01,2025-07-31,4,0,0
Nov 2024,PAK,241490000,KHYBER PAKHTUNKHWA,Hangu,first projection,2025-04-01,2025-07-31,5,0,0
Nov 2024,PAK,241490000,KHYBER PAKHTUNKHWA,Kohistan upper,current,2024-11-01,2025-03-31,all,433013,1.0
Nov 2024,PAK,241490000,KHYBER PAKHTUNKHWA,Kohistan upper,current,2024-11-01,2025-03-31,3+,108254,0.25
Nov 2024,PAK,241490000,KHYBER PAKHTUNKHWA,Kohistan upper,current,2024-11-01,2025-03-31,1,151555,0.35
Nov 2024,PAK,241490000,KHYBER PAKHTUNKHWA,Kohistan upper,current,2024-11-01,2025-03-31,2,173205,0.4
Nov 2024,PAK,241490000,KHYBER PAKHTUNKHWA,Kohistan upper,current,2024-11-01,2025-03-31,3,86603,0.2
Nov 2024,PAK,241490000,KHYBER PAKHTUNKHWA,Kohistan upper,current,2024-11-01,2025-03-31,4,21651,0.05
Nov 2024,PAK,241490000,KHYBER PAKHTUNKHWA,Kohistan upper,current,2024-11-01,2025-03-31,5,0,0
Nov 2024,PAK,241490000,KHYBER PAKHTUNKHWA,Kohistan upper,first projection,2025-04-01,2025-07-31,all,433013,1.0
Nov 2024,PAK,241490000,KHYBER PAKHTUNKHWA,Kohistan upper,first projection,2025-04-01,2025-07-31,3+,108254,0.25
Nov 2024,PAK,241490000,KHYBER PAKHTUNKHWA,Kohistan upper,first projection,2025-04-01,2025-07-31,1,151555,0.35
Nov 2024,PAK,241490000,KHYBER PAKHTUNKHWA,Kohistan upper,first projection,2025-04-01,2025-07-31,2,173205,0.4
Nov 2024,PAK,241490000,KHYBER PAKHTUNKHWA,Kohistan upper,first projection,2025-04-01,2025-07-31,3,86603,0.2
Nov 2024,PAK,241490000,KHYBER PAKHTUNKHWA,Kohistan upper,first projection,2025-04-01,2025-07-31,4,21651,0.05
Nov 2024,PAK,241490000,KHYBER PAKHTUNKHWA,Kohistan upper,first projection,2025-04-01,2025-07-31,5,0,0
Nov 2024,PAK,241490000,KHYBER PAKHTUNKHWA,Khyber,current,2024-11-01,2025-03-31,all,1175841,1.0
Nov 2024,PAK,241490000,KHYBER PAKHTUNKHWA,Khyber,current,2024-11-01,2025-03-31,3+,293960,0.25
Nov 2024,PAK,241490000,KHYBER PAKHTUNKHWA,Khyber,current,2024-11-01,2025-03-31,1,411544,0.35
Nov 2024,PAK,241490000,KHYBER PAKHTUNKHWA,Khyber,current,2024-11-01,2025-03-31,2,470336,0.4
Nov 2024,PAK,241490000,KHYBER PAKHTUNKHWA,Khyber,current,2024-11-01,2025-03-31,3,235168,0.2
Nov 2024,PAK,241490000,KHYBER PAKHTUNKHWA,Khyber,current,2024-11-01,2025-03-31,4,58792,0.05
Nov 2024,PAK,241490000,KHYBER PAKHTUNKHWA,Khyber,current,2024-11-01,2025-03-31,5,0,0
Nov 2024,PAK,241490000,KHYBER PAKHTUNKHWA,Khyber,first projection,2025-04-01,2025-07-31,all,1175841,1.0
Nov 2024,PAK,241490000,KHYBER PAKHTUNKHWA,Khyber,first projection,2025-04-01,2025-07-31,3+,235168,0.2
Nov 2024,PAK,241490000,KHYBER PAKHTUNKHWA,Khyber,first projection,2025-04-01,2025-07-31,1,411544,0.35
Nov 2024,PAK,241490000,KHYBER PAKHTUNKHWA,Khyber,first projection,2025-04-01,2025-07-31,2,529128,0.45
Nov 2024,PAK,241490000,KHYBER PAKHTUNKHWA,Khyber,first projection,2025-04-01,2025-07-31,3,235168,0.2
Nov 2024,PAK,241490000,KHYBER PAKHTUNKHWA,Khyber,first projection,2025-04-01,2025-07-31,4,0,0
Nov 2024,PAK,241490000,KHYBER PAKHTUNKHWA,Khyber,first projection,2025-04-01,2025-07-31,5,0,0
Nov 2024,PAK,241490000,KHYBER PAKHTUNKHWA,Lower dir,current,2024-11-01,2025-03-31,all,1639657,1.0
Nov 2024,PAK,241490000,KHYBER PAKHTUNKHWA,Lower dir,current,2024-11-01,2025-03-31,3+,327931,0.2
Nov 2024,PAK,241490000,KHYBER PAKHTUNKHWA,Lower dir,current,2024-11-01,2025-03-31,1,737846,0.45
Nov 2024,PAK,241490000,KHYBER PAKHTUNKHWA,Lower dir,current,2024-11-01,2025-03-31,2,573880,0.35
Nov 2024,PAK,241490000,KHYBER PAKHTUNKHWA,Lower dir,current,2024-11-01,2025-03-31,3,327931,0.2
Nov 2024,PAK,241490000,KHYBER PAKHTUNKHWA,Lower dir,current,2024-11-01,2025-03-31,4,0,0
Nov 2024,PAK,241490000,KHYBER PAKHTUNKHWA,Lower dir,current,2024-11-01,2025-03-31,5,0,0
Nov 2024,PAK,241490000,KHYBER PAKHTUNKHWA,Lower dir,first projection,2025-04-01,2025-07-31,all,1639657,1.0
Nov 2024,PAK,241490000,KHYBER PAKHTUNKHWA,Lower dir,first projection,2025-04-01,2025-07-31,3+,327931,0.2
Nov 2024,PAK,241490000,KHYBER PAKHTUNKHWA,Lower dir,first projection,2025-04-01,2025-07-31,1,819829,0.5
Nov 2024,PAK,241490000,KHYBER PAKHTUNKHWA,Lower dir,first projection,2025-04-01,2025-07-31,2,491897,0.3
Nov 2024,PAK,241490000,KHYBER PAKHTUNKHWA,Lower dir,first projection,2025-04-01,2025-07-31,3,327931,0.2
Nov 2024,PAK,241490000,KHYBER PAKHTUNKHWA,Lower dir,first projection,2025-04-01,2025-07-31,4,0,0
Nov 2024,PAK,241490000,KHYBER PAKHTUNKHWA,Lower dir,first projection,2025-04-01,2025-07-31,5,0,0
Nov 2024,PAK,241490000,KHYBER PAKHTUNKHWA,Lakki marwat,current,2024-11-01,2025-03-31,all,960460,1.0
Nov 2024,PAK,241490000,KHYBER PAKHTUNKHWA,Lakki marwat,current,2024-11-01,2025-03-31,3+,192092,0.2
Nov 2024,PAK,241490000,KHYBER PAKHTUNKHWA,Lakki marwat,current,2024-11-01,2025-03-31,1,432207,0.45
Nov 2024,PAK,241490000,KHYBER PAKHTUNKHWA,Lakki marwat,current,2024-11-01,2025-03-31,2,336161,0.35
Nov 2024,PAK,241490000,KHYBER PAKHTUNKHWA,Lakki marwat,current,2024-11-01,2025-03-31,3,144069,0.15
Nov 2024,PAK,241490000,KHYBER PAKHTUNKHWA,Lakki marwat,current,2024-11-01,2025-03-31,4,48023,0.05
Nov 2024,PAK,241490000,KHYBER PAKHTUNKHWA,Lakki marwat,current,2024-11-01,2025-03-31,5,0,0
Nov 2024,PAK,241490000,KHYBER PAKHTUNKHWA,Lakki marwat,first projection,2025-04-01,2025-07-31,all,960460,1.0
Nov 2024,PAK,241490000,KHYBER PAKHTUNKHWA,Lakki marwat,first projection,2025-04-01,2025-07-31,3+,192092,0.2
Nov 2024,PAK,241490000,KHYBER PAKHTUNKHWA,Lakki marwat,first projection,2025-04-01,2025-07-31,1,432207,0.45
Nov 2024,PAK,241490000,KHYBER PAKHTUNKHWA,Lakki marwat,first projection,2025-04-01,2025-07-31,2,336161,0.35
Nov 2024,PAK,241490000,KHYBER PAKHTUNKHWA,Lakki marwat,first projection,2025-04-01,2025-07-31,3,192092,0.2
Nov 2024,PAK,241490000,KHYBER PAKHTUNKHWA,Lakki marwat,first projection,2025-04-01,2025-07-31,4,0,0
Nov 2024,PAK,241490000,KHYBER PAKHTUNKHWA,Lakki marwat,first projection,2025-04-01,2025-07-31,5,0,0
Nov 2024,PAK,241490000,KHYBER PAKHTUNKHWA,Orakzai,current,2024-11-01,2025-03-31,all,396785,1.0
Nov 2024,PAK,241490000,KHYBER PAKHTUNKHWA,Orakzai,current,2024-11-01,2025-03-31,3+,99196,0.25
Nov 2024,PAK,241490000,KHYBER PAKHTUNKHWA,Orakzai,current,2024-11-01,2025-03-31,1,178553,0.45
Nov 2024,PAK,241490000,KHYBER PAKHTUNKHWA,Orakzai,current,2024-11-01,2025-03-31,2,119036,0.3
Nov 2024,PAK,241490000,KHYBER PAKHTUNKHWA,Orakzai,current,2024-11-01,2025-03-31,3,79357,0.2
Nov 2024,PAK,241490000,KHYBER PAKHTUNKHWA,Orakzai,current,2024-11-01,2025-03-31,4,19839,0.05
Nov 2024,PAK,241490000,KHYBER PAKHTUNKHWA,Orakzai,current,2024-11-01,2025-03-31,5,0,0
Nov 2024,PAK,241490000,KHYBER PAKHTUNKHWA,Orakzai,first projection,2025-04-01,2025-07-31,all,396785,1.0
Nov 2024,PAK,241490000,KHYBER PAKHTUNKHWA,Orakzai,first projection,2025-04-01,2025-07-31,3+,79357,0.2
Nov 2024,PAK,241490000,KHYBER PAKHTUNKHWA,Orakzai,first projection,2025-04-01,2025-07-31,1,178553,0.45
Nov 2024,PAK,241490000,KHYBER PAKHTUNKHWA,Orakzai,first projection,2025-04-01,2025-07-31,2,138875,0.35
Nov 2024,PAK,241490000,KHYBER PAKHTUNKHWA,Orakzai,first projection,2025-04-01,2025-07-31,3,79357,0.2
Nov 2024,PAK,241490000,KHYBER PAKHTUNKHWA,Orakzai,first projection,2025-04-01,2025-07-31,4,0,0
Nov 2024,PAK,241490000,KHYBER PAKHTUNKHWA,Orakzai,first projection,2025-04-01,2025-07-31,5,0,0
Nov 2024,PAK,241490000,KHYBER PAKHTUNKHWA,Shangla,current,2024-11-01,2025-03-31,all,915405,1.0
Nov 2024,PAK,241490000,KHYBER PAKHTUNKHWA,Shangla,current,2024-11-01,2025-03-31,3+,183081,0.2
Nov 2024,PAK,241490000,KHYBER PAKHTUNKHWA,Shangla,current,2024-11-01,2025-03-31,1,503473,0.55
Nov 2024,PAK,241490000,KHYBER PAKHTUNKHWA,Shangla,current,2024-11-01,2025-03-31,2,228851,0.25
Nov 2024,PAK,241490000,KHYBER PAKHTUNKHWA,Shangla,current,2024-11-01,2025-03-31,3,137311,0.15
Nov 2024,PAK,241490000,KHYBER PAKHTUNKHWA,Shangla,current,2024-11-01,2025-03-31,4,45770,0.05
Nov 2024,PAK,241490000,KHYBER PAKHTUNKHWA,Shangla,current,2024-11-01,2025-03-31,5,0,0
Nov 2024,PAK,241490000,KHYBER PAKHTUNKHWA,Shangla,first projection,2025-04-01,2025-07-31,all,915405,1.0
Nov 2024,PAK,241490000,KHYBER PAKHTUNKHWA,Shangla,first projection,2025-04-01,2025-07-31,3+,183081,0.2
Nov 2024,PAK,241490000,KHYBER PAKHTUNKHWA,Shangla,first projection,2025-04-01,2025-07-31,1,503473,0.55
Nov 2024,PAK,241490000,KHYBER PAKHTUNKHWA,Shangla,first projection,2025-04-01,2025-07-31,2,228851,0.25
Nov 2024,PAK,241490000,KHYBER PAKHTUNKHWA,Shangla,first projection,2025-04-01,2025-07-31,3,183081,0.2
Nov 2024,PAK,241490000,KHYBER PAKHTUNKHWA,Shangla,first projection,2025-04-01,2025-07-31,4,0,0
Nov 2024,PAK,241490000,KHYBER PAKHTUNKHWA,Shangla,first projection,2025-04-01,2025-07-31,5,0,0
Nov 2024,PAK,241490000,KHYBER PAKHTUNKHWA,Tank,current,2024-11-01,2025-03-31,all,428406,1.0
Nov 2024,PAK,241490000,KHYBER PAKHTUNKHWA,Tank,current,2024-11-01,2025-03-31,3+,107101,0.25
Nov 2024,PAK,241490000,KHYBER PAKHTUNKHWA,Tank,current,2024-11-01,2025-03-31,1,214203,0.5
Nov 2024,PAK,241490000,KHYBER PAKHTUNKHWA,Tank,current,2024-11-01,2025-03-31,2,107102,0.25
Nov 2024,PAK,241490000,KHYBER PAKHTUNKHWA,Tank,current,2024-11-01,2025-03-31,3,85681,0.2
Nov 2024,PAK,241490000,KHYBER PAKHTUNKHWA,Tank,current,2024-11-01,2025-03-31,4,21420,0.05
Nov 2024,PAK,241490000,KHYBER PAKHTUNKHWA,Tank,current,2024-11-01,2025-03-31,5,0,0
Nov 2024,PAK,241490000,KHYBER PAKHTUNKHWA,Tank,first projection,2025-04-01,2025-07-31,all,428406,1.0
Nov 2024,PAK,241490000,KHYBER PAKHTUNKHWA,Tank,first projection,2025-04-01,2025-07-31,3+,107102,0.25
Nov 2024,PAK,241490000,KHYBER PAKHTUNKHWA,Tank,first projection,2025-04-01,2025-07-31,1,214203,0.5
Nov 2024,PAK,241490000,KHYBER PAKHTUNKHWA,Tank,first projection,2025-04-01,2025-07-31,2,107102,0.25
Nov 2024,PAK,241490000,KHYBER PAKHTUNKHWA,Tank,first projection,2025-04-01,2025-07-31,3,107102,0.25
Nov 2024,PAK,241490000,KHYBER PAKHTUNKHWA,Tank,first projection,2025-04-01,2025-07-31,4,0,0
Nov 2024,PAK,241490000,KHYBER PAKHTUNKHWA,Tank,first projection,2025-04-01,2025-07-31,5,0,0
Nov 2024,PAK,241490000,KHYBER PAKHTUNKHWA,South Waziristan,current,2024-11-01,2025-03-31,all,930442,1.0
Nov 2024,PAK,241490000,KHYBER PAKHTUNKHWA,South Waziristan,current,2024-11-01,2025-03-31,3+,232610,0.25
Nov 2024,PAK,241490000,KHYBER PAKHTUNKHWA,South Waziristan,current,2024-11-01,2025-03-31,1,465221,0.5
Nov 2024,PAK,241490000,KHYBER PAKHTUNKHWA,South Waziristan,current,2024-11-01,2025-03-31,2,232611,0.25
Nov 2024,PAK,241490000,KHYBER PAKHTUNKHWA,South Waziristan,current,2024-11-01,2025-03-31,3,186088,0.2
Nov 2024,PAK,241490000,KHYBER PAKHTUNKHWA,South Waziristan,current,2024-11-01,2025-03-31,4,46522,0.05
Nov 2024,PAK,241490000,KHYBER PAKHTUNKHWA,South Waziristan,current,2024-11-01,2025-03-31,5,0,0
Nov 2024,PAK,241490000,KHYBER PAKHTUNKHWA,South Waziristan,first projection,2025-04-01,2025-07-31,all,930442,1.0
Nov 2024,PAK,241490000,KHYBER PAKHTUNKHWA,South Waziristan,first projection,2025-04-01,2025-07-31,3+,232610,0.25
Nov 2024,PAK,241490000,KHYBER PAKHTUNKHWA,South Waziristan,first projection,2025-04-01,2025-07-31,1,465221,0.5
Nov 2024,PAK,241490000,KHYBER PAKHTUNKHWA,South Waziristan,first projection,2025-04-01,2025-07-31,2,232611,0.25
Nov 2024,PAK,241490000,KHYBER PAKHTUNKHWA,South Waziristan,first projection,2025-04-01,2025-07-31,3,186088,0.2
Nov 2024,PAK,241490000,KHYBER PAKHTUNKHWA,South Waziristan,first projection,2025-04-01,2025-07-31,4,46522,0.05
Nov 2024,PAK,241490000,KHYBER PAKHTUNKHWA,South Waziristan,first projection,2025-04-01,2025-07-31,5,0,0
Nov 2024,PAK,241490000,KHYBER PAKHTUNKHWA,Bajaur,current,2024-11-01,2025-03-31,all,1324152,1.0
Nov 2024,PAK,241490000,KHYBER PAKHTUNKHWA,Bajaur,current,2024-11-01,2025-03-31,3+,264831,0.2
Nov 2024,PAK,241490000,KHYBER PAKHTUNKHWA,Bajaur,current,2024-11-01,2025-03-31,1,595868,0.45
Nov 2024,PAK,241490000,KHYBER PAKHTUNKHWA,Bajaur,current,2024-11-01,2025-03-31,2,463453,0.35
Nov 2024,PAK,241490000,KHYBER PAKHTUNKHWA,Bajaur,current,2024-11-01,2025-03-31,3,198623,0.15
Nov 2024,PAK,241490000,KHYBER PAKHTUNKHWA,Bajaur,current,2024-11-01,2025-03-31,4,66208,0.05
Nov 2024,PAK,241490000,KHYBER PAKHTUNKHWA,Bajaur,current,2024-11-01,2025-03-31,5,0,0
Nov 2024,PAK,241490000,KHYBER PAKHTUNKHWA,Bajaur,first projection,2025-04-01,2025-07-31,all,1324152,1.0
Nov 2024,PAK,241490000,KHYBER PAKHTUNKHWA,Bajaur,first projection,2025-04-01,2025-07-31,3+,264830,0.2
Nov 2024,PAK,241490000,KHYBER PAKHTUNKHWA,Bajaur,first projection,2025-04-01,2025-07-31,1,595868,0.45
Nov 2024,PAK,241490000,KHYBER PAKHTUNKHWA,Bajaur,first projection,2025-04-01,2025-07-31,2,463453,0.35
Nov 2024,PAK,241490000,KHYBER PAKHTUNKHWA,Bajaur,first projection,2025-04-01,2025-07-31,3,264830,0.2
Nov 2024,PAK,241490000,KHYBER PAKHTUNKHWA,Bajaur,first projection,2025-04-01,2025-07-31,4,0,0
Nov 2024,PAK,241490000,KHYBER PAKHTUNKHWA,Bajaur,first projection,2025-04-01,2025-07-31,5,0,0
Nov 2024,PAK,241490000,KHYBER PAKHTUNKHWA,Chitral Upper,current,2024-11-01,2025-03-31,all,200298,1.0
Nov 2024,PAK,241490000,KHYBER PAKHTUNKHWA,Chitral Upper,current,2024-11-01,2025-03-31,3+,50075,0.25
Nov 2024,PAK,241490000,KHYBER PAKHTUNKHWA,Chitral Upper,current,2024-11-01,2025-03-31,1,100149,0.5
Nov 2024,PAK,241490000,KHYBER PAKHTUNKHWA,Chitral Upper,current,2024-11-01,2025-03-31,2,50075,0.25
Nov 2024,PAK,241490000,KHYBER PAKHTUNKHWA,Chitral Upper,current,2024-11-01,2025-03-31,3,40060,0.2
Nov 2024,PAK,241490000,KHYBER PAKHTUNKHWA,Chitral Upper,current,2024-11-01,2025-03-31,4,10015,0.05
Nov 2024,PAK,241490000,KHYBER PAKHTUNKHWA,Chitral Upper,current,2024-11-01,2025-03-31,5,0,0
Nov 2024,PAK,241490000,KHYBER PAKHTUNKHWA,Chitral Upper,first projection,2025-04-01,2025-07-31,all,200298,1.0
Nov 2024,PAK,241490000,KHYBER PAKHTUNKHWA,Chitral Upper,first projection,2025-04-01,2025-07-31,3+,50075,0.25
Nov 2024,PAK,241490000,KHYBER PAKHTUNKHWA,Chitral Upper,first projection,2025-04-01,2025-07-31,1,100149,0.5
Nov 2024,PAK,241490000,KHYBER PAKHTUNKHWA,Chitral Upper,first projection,2025-04-01,2025-07-31,2,50075,0.25
Nov 2024,PAK,241490000,KHYBER PAKHTUNKHWA,Chitral Upper,first projection,2025-04-01,2025-07-31,3,40060,0.2
Nov 2024,PAK,241490000,KHYBER PAKHTUNKHWA,Chitral Upper,first projection,2025-04-01,2025-07-31,4,10015,0.05
Nov 2024,PAK,241490000,KHYBER PAKHTUNKHWA,Chitral Upper,first projection,2025-04-01,2025-07-31,5,0,0
Nov 2024,PAK,241490000,KHYBER PAKHTUNKHWA,Dera Ismail Khan,current,2024-11-01,2025-03-31,all,1476443,1.0
Nov 2024,PAK,241490000,KHYBER PAKHTUNKHWA,Dera Ismail Khan,current,2024-11-01,2025-03-31,3+,369111,0.25
Nov 2024,PAK,241490000,KHYBER PAKHTUNKHWA,Dera Ismail Khan,current,2024-11-01,2025-03-31,1,738222,0.5
Nov 2024,PAK,241490000,KHYBER PAKHTUNKHWA,Dera Ismail Khan,current,2024-11-01,2025-03-31,2,369111,0.25
Nov 2024,PAK,241490000,KHYBER PAKHTUNKHWA,Dera Ismail Khan,current,2024-11-01,2025-03-31,3,295289,0.2
Nov 2024,PAK,241490000,KHYBER PAKHTUNKHWA,Dera Ismail Khan,current,2024-11-01,2025-03-31,4,73822,0.05
Nov 2024,PAK,241490000,KHYBER PAKHTUNKHWA,Dera Ismail Khan,current,2024-11-01,2025-03-31,5,0,0
Nov 2024,PAK,241490000,KHYBER PAKHTUNKHWA,Dera Ismail Khan,first projection,2025-04-01,2025-07-31,all,1476443,1.0
Nov 2024,PAK,241490000,KHYBER PAKHTUNKHWA,Dera Ismail Khan,first projection,2025-04-01,2025-07-31,3+,295288,0.2
Nov 2024,PAK,241490000,KHYBER PAKHTUNKHWA,Dera Ismail Khan,first projection,2025-04-01,2025-07-31,1,738222,0.5
Nov 2024,PAK,241490000,KHYBER PAKHTUNKHWA,Dera Ismail Khan,first projection,2025-04-01,2025-07-31,2,442933,0.3
Nov 2024,PAK,241490000,KHYBER PAKHTUNKHWA,Dera Ismail Khan,first projection,2025-04-01,2025-07-31,3,221466,0.15
Nov 2024,PAK,241490000,KHYBER PAKHTUNKHWA,Dera Ismail Khan,first projection,2025-04-01,2025-07-31,4,73822,0.05
Nov 2024,PAK,241490000,KHYBER PAKHTUNKHWA,Dera Ismail Khan,first projection,2025-04-01,2025-07-31,5,0,0
Nov 2024,PAK,241490000,KHYBER PAKHTUNKHWA,Kurram,current,2024-11-01,2025-03-31,all,818108,1.0
Nov 2024,PAK,241490000,KHYBER PAKHTUNKHWA,Kurram,current,2024-11-01,2025-03-31,3+,204527,0.25
Nov 2024,PAK,241490000,KHYBER PAKHTUNKHWA,Kurram,current,2024-11-01,2025-03-31,1,327243,0.4
Nov 2024,PAK,241490000,KHYBER PAKHTUNKHWA,Kurram,current,2024-11-01,2025-03-31,2,286338,0.35
Nov 2024,PAK,241490000,KHYBER PAKHTUNKHWA,Kurram,current,2024-11-01,2025-03-31,3,163622,0.2
Nov 2024,PAK,241490000,KHYBER PAKHTUNKHWA,Kurram,current,2024-11-01,2025-03-31,4,40905,0.05
Nov 2024,PAK,241490000,KHYBER PAKHTUNKHWA,Kurram,current,2024-11-01,2025-03-31,5,0,0
Nov 2024,PAK,241490000,KHYBER PAKHTUNKHWA,Kurram,first projection,2025-04-01,2025-07-31,all,818108,1.0
Nov 2024,PAK,241490000,KHYBER PAKHTUNKHWA,Kurram,first projection,2025-04-01,2025-07-31,3+,204527,0.25
Nov 2024,PAK,241490000,KHYBER PAKHTUNKHWA,Kurram,first projection,2025-04-01,2025-07-31,1,327243,0.4
Nov 2024,PAK,241490000,KHYBER PAKHTUNKHWA,Kurram,first projection,2025-04-01,2025-07-31,2,286338,0.35
Nov 2024,PAK,241490000,KHYBER PAKHTUNKHWA,Kurram,first projection,2025-04-01,2025-07-31,3,163622,0.2
Nov 2024,PAK,241490000,KHYBER PAKHTUNKHWA,Kurram,first projection,2025-04-01,2025-07-31,4,40905,0.05
Nov 2024,PAK,241490000,KHYBER PAKHTUNKHWA,Kurram,first projection,2025-04-01,2025-07-31,5,0,0
Nov 2024,PAK,241490000,KHYBER PAKHTUNKHWA,Kohistan Lower,current,2024-11-01,2025-03-31,all,348109,1.0
Nov 2024,PAK,241490000,KHYBER PAKHTUNKHWA,Kohistan Lower,current,2024-11-01,2025-03-31,3+,87027,0.25
Nov 2024,PAK,241490000,KHYBER PAKHTUNKHWA,Kohistan Lower,current,2024-11-01,2025-03-31,1,156649,0.45
Nov 2024,PAK,241490000,KHYBER PAKHTUNKHWA,Kohistan Lower,current,2024-11-01,2025-03-31,2,104433,0.3
Nov 2024,PAK,241490000,KHYBER PAKHTUNKHWA,Kohistan Lower,current,2024-11-01,2025-03-31,3,69622,0.2
Nov 2024,PAK,241490000,KHYBER PAKHTUNKHWA,Kohistan Lower,current,2024-11-01,2025-03-31,4,17405,0.05
Nov 2024,PAK,241490000,KHYBER PAKHTUNKHWA,Kohistan Lower,current,2024-11-01,2025-03-31,5,0,0
Nov 2024,PAK,241490000,KHYBER PAKHTUNKHWA,Kohistan Lower,first projection,2025-04-01,2025-07-31,all,348109,1.0
Nov 2024,PAK,241490000,KHYBER PAKHTUNKHWA,Kohistan Lower,first projection,2025-04-01,2025-07-31,3+,87027,0.25
Nov 2024,PAK,241490000,KHYBER PAKHTUNKHWA,Kohistan Lower,first projection,2025-04-01,2025-07-31,1,156649,0.45
Nov 2024,PAK,241490000,KHYBER PAKHTUNKHWA,Kohistan Lower,first projection,2025-04-01,2025-07-31,2,104433,0.3
Nov 2024,PAK,241490000,KHYBER PAKHTUNKHWA,Kohistan Lower,first projection,2025-04-01,2025-07-31,3,69622,0.2
Nov 2024,PAK,241490000,KHYBER PAKHTUNKHWA,Kohistan Lower,first projection,2025-04-01,2025-07-31,4,17405,0.05
Nov 2024,PAK,241490000,KHYBER PAKHTUNKHWA,Kohistan Lower,first projection,2025-04-01,2025-07-31,5,0,0
Nov 2024,PAK,241490000,KHYBER PAKHTUNKHWA,Mohmand,current,2024-11-01,2025-03-31,all,568501,1.0
Nov 2024,PAK,241490000,KHYBER PAKHTUNKHWA,Mohmand,current,2024-11-01,2025-03-31,3+,113700,0.2
Nov 2024,PAK,241490000,KHYBER PAKHTUNKHWA,Mohmand,current,2024-11-01,2025-03-31,1,255825,0.45
Nov 2024,PAK,241490000,KHYBER PAKHTUNKHWA,Mohmand,current,2024-11-01,2025-03-31,2,198975,0.35
Nov 2024,PAK,241490000,KHYBER PAKHTUNKHWA,Mohmand,current,2024-11-01,2025-03-31,3,85275,0.15
Nov 2024,PAK,241490000,KHYBER PAKHTUNKHWA,Mohmand,current,2024-11-01,2025-03-31,4,28425,0.05
Nov 2024,PAK,241490000,KHYBER PAKHTUNKHWA,Mohmand,current,2024-11-01,2025-03-31,5,0,0
Nov 2024,PAK,241490000,KHYBER PAKHTUNKHWA,Mohmand,first projection,2025-04-01,2025-07-31,all,568501,1.0
Nov 2024,PAK,241490000,KHYBER PAKHTUNKHWA,Mohmand,first projection,2025-04-01,2025-07-31,3+,113700,0.2
Nov 2024,PAK,241490000,KHYBER PAKHTUNKHWA,Mohmand,first projection,2025-04-01,2025-07-31,1,198975,0.35
Nov 2024,PAK,241490000,KHYBER PAKHTUNKHWA,Mohmand,first projection,2025-04-01,2025-07-31,2,255825,0.45
Nov 2024,PAK,241490000,KHYBER PAKHTUNKHWA,Mohmand,first projection,2025-04-01,2025-07-31,3,113700,0.2
Nov 2024,PAK,241490000,KHYBER PAKHTUNKHWA,Mohmand,first projection,2025-04-01,2025-07-31,4,0,0
Nov 2024,PAK,241490000,KHYBER PAKHTUNKHWA,Mohmand,first projection,2025-04-01,2025-07-31,5,0,0
Nov 2024,PAK,241490000,KHYBER PAKHTUNKHWA,North Waziristan,current,2024-11-01,2025-03-31,all,718767,1.0
Nov 2024,PAK,241490000,KHYBER PAKHTUNKHWA,North Waziristan,current,2024-11-01,2025-03-31,3+,179691,0.25
Nov 2024,PAK,241490000,KHYBER PAKHTUNKHWA,North Waziristan,current,2024-11-01,2025-03-31,1,359384,0.5
Nov 2024,PAK,241490000,KHYBER PAKHTUNKHWA,North Waziristan,current,2024-11-01,2025-03-31,2,179692,0.25
Nov 2024,PAK,241490000,KHYBER PAKHTUNKHWA,North Waziristan,current,2024-11-01,2025-03-31,3,143753,0.2
Nov 2024,PAK,241490000,KHYBER PAKHTUNKHWA,North Waziristan,current,2024-11-01,2025-03-31,4,35938,0.05
Nov 2024,PAK,241490000,KHYBER PAKHTUNKHWA,North Waziristan,current,2024-11-01,2025-03-31,5,0,0
Nov 2024,PAK,241490000,KHYBER PAKHTUNKHWA,North Waziristan,first projection,2025-04-01,2025-07-31,all,718767,1.0
Nov 2024,PAK,241490000,KHYBER PAKHTUNKHWA,North Waziristan,first projection,2025-04-01,2025-07-31,3+,179691,0.25
Nov 2024,PAK,241490000,KHYBER PAKHTUNKHWA,North Waziristan,first projection,2025-04-01,2025-07-31,1,359384,0.5
Nov 2024,PAK,241490000,KHYBER PAKHTUNKHWA,North Waziristan,first projection,2025-04-01,2025-07-31,2,179692,0.25
Nov 2024,PAK,241490000,KHYBER PAKHTUNKHWA,North Waziristan,first projection,2025-04-01,2025-07-31,3,143753,0.2
Nov 2024,PAK,241490000,KHYBER PAKHTUNKHWA,North Waziristan,first projection,2025-04-01,2025-07-31,4,35938,0.05
Nov 2024,PAK,241490000,KHYBER PAKHTUNKHWA,North Waziristan,first projection,2025-04-01,2025-07-31,5,0,0
Nov 2024,PAK,241490000,KHYBER PAKHTUNKHWA,Upper Dir,current,2024-11-01,2025-03-31,all,1035724,1.0
Nov 2024,PAK,241490000,KHYBER PAKHTUNKHWA,Upper Dir,current,2024-11-01,2025-03-31,3+,258931,0.25
Nov 2024,PAK,241490000,KHYBER PAKHTUNKHWA,Upper Dir,current,2024-11-01,2025-03-31,1,466076,0.45
Nov 2024,PAK,241490000,KHYBER PAKHTUNKHWA,Upper Dir,current,2024-11-01,2025-03-31,2,310717,0.3
Nov 2024,PAK,241490000,KHYBER PAKHTUNKHWA,Upper Dir,current,2024-11-01,2025-03-31,3,207145,0.2
Nov 2024,PAK,241490000,KHYBER PAKHTUNKHWA,Upper Dir,current,2024-11-01,2025-03-31,4,51786,0.05
Nov 2024,PAK,241490000,KHYBER PAKHTUNKHWA,Upper Dir,current,2024-11-01,2025-03-31,5,0,0
Nov 2024,PAK,241490000,KHYBER PAKHTUNKHWA,Upper Dir,first projection,2025-04-01,2025-07-31,all,1035724,1.0
Nov 2024,PAK,241490000,KHYBER PAKHTUNKHWA,Upper Dir,first projection,2025-04-01,2025-07-31,3+,207145,0.2
Nov 2024,PAK,241490000,KHYBER PAKHTUNKHWA,Upper Dir,first projection,2025-04-01,2025-07-31,1,466076,0.45
Nov 2024,PAK,241490000,KHYBER PAKHTUNKHWA,Upper Dir,first projection,2025-04-01,2025-07-31,2,362503,0.35
Nov 2024,PAK,241490000,KHYBER PAKHTUNKHWA,Upper Dir,first projection,2025-04-01,2025-07-31,3,207145,0.2
Nov 2024,PAK,241490000,KHYBER PAKHTUNKHWA,Upper Dir,first projection,2025-04-01,2025-07-31,4,0,0
Nov 2024,PAK,241490000,KHYBER PAKHTUNKHWA,Upper Dir,first projection,2025-04-01,2025-07-31,5,0,0
Nov 2024,PAK,241490000,KHYBER PAKHTUNKHWA,Karak,current,2024-11-01,2025-03-31,all,776682,1.0
Nov 2024,PAK,241490000,KHYBER PAKHTUNKHWA,Karak,current,2024-11-01,2025-03-31,3+,155336,0.2
Nov 2024,PAK,241490000,KHYBER PAKHTUNKHWA,Karak,current,2024-11-01,2025-03-31,1,466009,0.6
Nov 2024,PAK,241490000,KHYBER PAKHTUNKHWA,Karak,current,2024-11-01,2025-03-31,2,155336,0.2
Nov 2024,PAK,241490000,KHYBER PAKHTUNKHWA,Karak,current,2024-11-01,2025-03-31,3,116502,0.15
Nov 2024,PAK,241490000,KHYBER PAKHTUNKHWA,Karak,current,2024-11-01,2025-03-31,4,38834,0.05
Nov 2024,PAK,241490000,KHYBER PAKHTUNKHWA,Karak,current,2024-11-01,2025-03-31,5,0,0
Nov 2024,PAK,241490000,KHYBER PAKHTUNKHWA,Karak,first projection,2025-04-01,2025-07-31,all,776682,1.0
Nov 2024,PAK,241490000,KHYBER PAKHTUNKHWA,Karak,first projection,2025-04-01,2025-07-31,3+,155336,0.2
Nov 2024,PAK,241490000,KHYBER PAKHTUNKHWA,Karak,first projection,2025-04-01,2025-07-31,1,466009,0.6
Nov 2024,PAK,241490000,KHYBER PAKHTUNKHWA,Karak,first projection,2025-04-01,2025-07-31,2,155336,0.2
Nov 2024,PAK,241490000,KHYBER PAKHTUNKHWA,Karak,first projection,2025-04-01,2025-07-31,3,155336,0.2
Nov 2024,PAK,241490000,KHYBER PAKHTUNKHWA,Karak,first projection,2025-04-01,2025-07-31,4,0,0
Nov 2024,PAK,241490000,KHYBER PAKHTUNKHWA,Karak,first projection,2025-04-01,2025-07-31,5,0,0
Nov 2024,PAK,241490000,KHYBER PAKHTUNKHWA,Kolai palas kohistan,current,2024-11-01,2025-03-31,all,286830,1.0
Nov 2024,PAK,241490000,KHYBER PAKHTUNKHWA,Kolai palas kohistan,current,2024-11-01,2025-03-31,3+,86050,0.3
Nov 2024,PAK,241490000,KHYBER PAKHTUNKHWA,Kolai palas kohistan,current,2024-11-01,2025-03-31,1,71708,0.25
Nov 2024,PAK,241490000,KHYBER PAKHTUNKHWA,Kolai palas kohistan,current,2024-11-01,2025-03-31,2,129074,0.45
Nov 2024,PAK,241490000,KHYBER PAKHTUNKHWA,Kolai palas kohistan,current,2024-11-01,2025-03-31,3,71708,0.25
Nov 2024,PAK,241490000,KHYBER PAKHTUNKHWA,Kolai palas kohistan,current,2024-11-01,2025-03-31,4,14342,0.05
Nov 2024,PAK,241490000,KHYBER PAKHTUNKHWA,Kolai palas kohistan,current,2024-11-01,2025-03-31,5,0,0
Nov 2024,PAK,241490000,KHYBER PAKHTUNKHWA,Kolai palas kohistan,first projection,2025-04-01,2025-07-31,all,286830,1.0
Nov 2024,PAK,241490000,KHYBER PAKHTUNKHWA,Kolai palas kohistan,first projection,2025-04-01,2025-07-31,3+,71708,0.25
Nov 2024,PAK,241490000,KHYBER PAKHTUNKHWA,Kolai palas kohistan,first projection,2025-04-01,2025-07-31,1,71708,0.25
Nov 2024,PAK,241490000,KHYBER PAKHTUNKHWA,Kolai palas kohistan,first projection,2025-04-01,2025-07-31,2,143415,0.5
Nov 2024,PAK,241490000,KHYBER PAKHTUNKHWA,Kolai palas kohistan,first projection,2025-04-01,2025-07-31,3,71708,0.25
Nov 2024,PAK,241490000,KHYBER PAKHTUNKHWA,Kolai palas kohistan,first projection,2025-04-01,2025-07-31,4,0,0
Nov 2024,PAK,241490000,KHYBER PAKHTUNKHWA,Kolai palas kohistan,first projection,2025-04-01,2025-07-31,5,0,0
Nov 2024,PAK,241490000,BALOCHISTAN,Usta muhammad,current,2024-11-01,2025-03-31,all,292060,1.0
Nov 2024,PAK,241490000,BALOCHISTAN,Usta muhammad,current,2024-11-01,2025-03-31,3+,73015,0.25
Nov 2024,PAK,241490000,BALOCHISTAN,Usta muhammad,current,2024-11-01,2025-03-31,1,116824,0.4
Nov 2024,PAK,241490000,BALOCHISTAN,Usta muhammad,current,2024-11-01,2025-03-31,2,102221,0.35
Nov 2024,PAK,241490000,BALOCHISTAN,Usta muhammad,current,2024-11-01,2025-03-31,3,58412,0.2
Nov 2024,PAK,241490000,BALOCHISTAN,Usta muhammad,current,2024-11-01,2025-03-31,4,14603,0.05
Nov 2024,PAK,241490000,BALOCHISTAN,Usta muhammad,current,2024-11-01,2025-03-31,5,0,0
Nov 2024,PAK,241490000,BALOCHISTAN,Usta muhammad,first projection,2025-04-01,2025-07-31,all,292060,1.0
Nov 2024,PAK,241490000,BALOCHISTAN,Usta muhammad,first projection,2025-04-01,2025-07-31,3+,73015,0.25
Nov 2024,PAK,241490000,BALOCHISTAN,Usta muhammad,first projection,2025-04-01,2025-07-31,1,116824,0.4
Nov 2024,PAK,241490000,BALOCHISTAN,Usta muhammad,first projection,2025-04-01,2025-07-31,2,102221,0.35
Nov 2024,PAK,241490000,BALOCHISTAN,Usta muhammad,first projection,2025-04-01,2025-07-31,3,58412,0.2
Nov 2024,PAK,241490000,BALOCHISTAN,Usta muhammad,first projection,2025-04-01,2025-07-31,4,14603,0.05
Nov 2024,PAK,241490000,BALOCHISTAN,Usta muhammad,first projection,2025-04-01,2025-07-31,5,0,0
Nov 2024,PAK,241490000,BALOCHISTAN,Jhal Magsi,current,2024-11-01,2025-03-31,all,186551,1.0
Nov 2024,PAK,241490000,BALOCHISTAN,Jhal Magsi,current,2024-11-01,2025-03-31,3+,46638,0.25
Nov 2024,PAK,241490000,BALOCHISTAN,Jhal Magsi,current,2024-11-01,2025-03-31,1,83948,0.45
Nov 2024,PAK,241490000,BALOCHISTAN,Jhal Magsi,current,2024-11-01,2025-03-31,2,55965,0.3
Nov 2024,PAK,241490000,BALOCHISTAN,Jhal Magsi,current,2024-11-01,2025-03-31,3,37310,0.2
Nov 2024,PAK,241490000,BALOCHISTAN,Jhal Magsi,current,2024-11-01,2025-03-31,4,9328,0.05
Nov 2024,PAK,241490000,BALOCHISTAN,Jhal Magsi,current,2024-11-01,2025-03-31,5,0,0
Nov 2024,PAK,241490000,BALOCHISTAN,Jhal Magsi,first projection,2025-04-01,2025-07-31,all,186551,1.0
Nov 2024,PAK,241490000,BALOCHISTAN,Jhal Magsi,first projection,2025-04-01,2025-07-31,3+,46638,0.25
Nov 2024,PAK,241490000,BALOCHISTAN,Jhal Magsi,first projection,2025-04-01,2025-07-31,1,83948,0.45
Nov 2024,PAK,241490000,BALOCHISTAN,Jhal Magsi,first projection,2025-04-01,2025-07-31,2,55965,0.3
Nov 2024,PAK,241490000,BALOCHISTAN,Jhal Magsi,first projection,2025-04-01,2025-07-31,3,37310,0.2
Nov 2024,PAK,241490000,BALOCHISTAN,Jhal Magsi,first projection,2025-04-01,2025-07-31,4,9328,0.05
Nov 2024,PAK,241490000,BALOCHISTAN,Jhal Magsi,first projection,2025-04-01,2025-07-31,5,0,0
Nov 2024,PAK,241490000,BALOCHISTAN,Sohbatpur,current,2024-11-01,2025-03-31,all,232410,1.0
Nov 2024,PAK,241490000,BALOCHISTAN,Sohbatpur,current,2024-11-01,2025-03-31,3+,58103,0.25
Nov 2024,PAK,241490000,BALOCHISTAN,Sohbatpur,current,2024-11-01,2025-03-31,1,92964,0.4
Nov 2024,PAK,241490000,BALOCHISTAN,Sohbatpur,current,2024-11-01,2025-03-31,2,81344,0.35
Nov 2024,PAK,241490000,BALOCHISTAN,Sohbatpur,current,2024-11-01,2025-03-31,3,46482,0.2
Nov 2024,PAK,241490000,BALOCHISTAN,Sohbatpur,current,2024-11-01,2025-03-31,4,11621,0.05
Nov 2024,PAK,241490000,BALOCHISTAN,Sohbatpur,current,2024-11-01,2025-03-31,5,0,0
Nov 2024,PAK,241490000,BALOCHISTAN,Sohbatpur,first projection,2025-04-01,2025-07-31,all,232410,1.0
Nov 2024,PAK,241490000,BALOCHISTAN,Sohbatpur,first projection,2025-04-01,2025-07-31,3+,46483,0.2
Nov 2024,PAK,241490000,BALOCHISTAN,Sohbatpur,first projection,2025-04-01,2025-07-31,1,116205,0.5
Nov 2024,PAK,241490000,BALOCHISTAN,Sohbatpur,first projection,2025-04-01,2025-07-31,2,69723,0.3
Nov 2024,PAK,241490000,BALOCHISTAN,Sohbatpur,first projection,2025-04-01,2025-07-31,3,34862,0.15
Nov 2024,PAK,241490000,BALOCHISTAN,Sohbatpur,first projection,2025-04-01,2025-07-31,4,11621,0.05
Nov 2024,PAK,241490000,BALOCHISTAN,Sohbatpur,first projection,2025-04-01,2025-07-31,5,0,0
Nov 2024,PAK,241490000,BALOCHISTAN,Sibi,current,2024-11-01,2025-03-31,all,162730,1.0
Nov 2024,PAK,241490000,BALOCHISTAN,Sibi,current,2024-11-01,2025-03-31,3+,32546,0.2
Nov 2024,PAK,241490000,BALOCHISTAN,Sibi,current,2024-11-01,2025-03-31,1,73229,0.45
Nov 2024,PAK,241490000,BALOCHISTAN,Sibi,current,2024-11-01,2025-03-31,2,56956,0.35
Nov 2024,PAK,241490000,BALOCHISTAN,Sibi,current,2024-11-01,2025-03-31,3,32546,0.2
Nov 2024,PAK,241490000,BALOCHISTAN,Sibi,current,2024-11-01,2025-03-31,4,0,0
Nov 2024,PAK,241490000,BALOCHISTAN,Sibi,current,2024-11-01,2025-03-31,5,0,0
Nov 2024,PAK,241490000,BALOCHISTAN,Sibi,first projection,2025-04-01,2025-07-31,all,162730,1.0
Nov 2024,PAK,241490000,BALOCHISTAN,Sibi,first projection,2025-04-01,2025-07-31,3+,56956,0.35
Nov 2024,PAK,241490000,BALOCHISTAN,Sibi,first projection,2025-04-01,2025-07-31,1,48819,0.3
Nov 2024,PAK,241490000,BALOCHISTAN,Sibi,first projection,2025-04-01,2025-07-31,2,56956,0.35
Nov 2024,PAK,241490000,BALOCHISTAN,Sibi,first projection,2025-04-01,2025-07-31,3,48819,0.3
Nov 2024,PAK,241490000,BALOCHISTAN,Sibi,first projection,2025-04-01,2025-07-31,4,8137,0.05
Nov 2024,PAK,241490000,BALOCHISTAN,Sibi,first projection,2025-04-01,2025-07-31,5,0,0
Nov 2024,PAK,241490000,BALOCHISTAN,Panjgur,current,2024-11-01,2025-03-31,all,376699,1.0
Nov 2024,PAK,241490000,BALOCHISTAN,Panjgur,current,2024-11-01,2025-03-31,3+,94175,0.25
Nov 2024,PAK,241490000,BALOCHISTAN,Panjgur,current,2024-11-01,2025-03-31,1,150680,0.4
Nov 2024,PAK,241490000,BALOCHISTAN,Panjgur,current,2024-11-01,2025-03-31,2,131845,0.35
Nov 2024,PAK,241490000,BALOCHISTAN,Panjgur,current,2024-11-01,2025-03-31,3,75340,0.2
Nov 2024,PAK,241490000,BALOCHISTAN,Panjgur,current,2024-11-01,2025-03-31,4,18835,0.05
Nov 2024,PAK,241490000,BALOCHISTAN,Panjgur,current,2024-11-01,2025-03-31,5,0,0
Nov 2024,PAK,241490000,BALOCHISTAN,Panjgur,first projection,2025-04-01,2025-07-31,all,376699,1.0
Nov 2024,PAK,241490000,BALOCHISTAN,Panjgur,first projection,2025-04-01,2025-07-31,3+,94175,0.25
Nov 2024,PAK,241490000,BALOCHISTAN,Panjgur,first projection,2025-04-01,2025-07-31,1,150680,0.4
Nov 2024,PAK,241490000,BALOCHISTAN,Panjgur,first projection,2025-04-01,2025-07-31,2,131845,0.35
Nov 2024,PAK,241490000,BALOCHISTAN,Panjgur,first projection,2025-04-01,2025-07-31,3,94175,0.25
Nov 2024,PAK,241490000,BALOCHISTAN,Panjgur,first projection,2025-04-01,2025-07-31,4,0,0
Nov 2024,PAK,241490000,BALOCHISTAN,Panjgur,first projection,2025-04-01,2025-07-31,5,0,0
Nov 2024,PAK,241490000,BALOCHISTAN,Kharan,current,2024-11-01,2025-03-31,all,194466,1.0
Nov 2024,PAK,241490000,BALOCHISTAN,Kharan,current,2024-11-01,2025-03-31,3+,48616,0.25
Nov 2024,PAK,241490000,BALOCHISTAN,Kharan,current,2024-11-01,2025-03-31,1,77786,0.4
Nov 2024,PAK,241490000,BALOCHISTAN,Kharan,current,2024-11-01,2025-03-31,2,68063,0.35
Nov 2024,PAK,241490000,BALOCHISTAN,Kharan,current,2024-11-01,2025-03-31,3,38893,0.2
Nov 2024,PAK,241490000,BALOCHISTAN,Kharan,current,2024-11-01,2025-03-31,4,9723,0.05
Nov 2024,PAK,241490000,BALOCHISTAN,Kharan,current,2024-11-01,2025-03-31,5,0,0
Nov 2024,PAK,241490000,BALOCHISTAN,Kharan,first projection,2025-04-01,2025-07-31,all,194466,1.0
Nov 2024,PAK,241490000,BALOCHISTAN,Kharan,first projection,2025-04-01,2025-07-31,3+,48616,0.25
Nov 2024,PAK,241490000,BALOCHISTAN,Kharan,first projection,2025-04-01,2025-07-31,1,77786,0.4
Nov 2024,PAK,241490000,BALOCHISTAN,Kharan,first projection,2025-04-01,2025-07-31,2,68063,0.35
Nov 2024,PAK,241490000,BALOCHISTAN,Kharan,first projection,2025-04-01,2025-07-31,3,38893,0.2
Nov 2024,PAK,241490000,BALOCHISTAN,Kharan,first projection,2025-04-01,2025-07-31,4,9723,0.05
Nov 2024,PAK,241490000,BALOCHISTAN,Kharan,first projection,2025-04-01,2025-07-31,5,0,0
Nov 2024,PAK,241490000,BALOCHISTAN,Kech,current,2024-11-01,2025-03-31,all,1060931,1.0
Nov 2024,PAK,241490000,BALOCHISTAN,Kech,current,2024-11-01,2025-03-31,3+,265233,0.25
Nov 2024,PAK,241490000,BALOCHISTAN,Kech,current,2024-11-01,2025-03-31,1,477419,0.45
Nov 2024,PAK,241490000,BALOCHISTAN,Kech,current,2024-11-01,2025-03-31,2,318279,0.3
Nov 2024,PAK,241490000,BALOCHISTAN,Kech,current,2024-11-01,2025-03-31,3,212186,0.2
Nov 2024,PAK,241490000,BALOCHISTAN,Kech,current,2024-11-01,2025-03-31,4,53047,0.05
Nov 2024,PAK,241490000,BALOCHISTAN,Kech,current,2024-11-01,2025-03-31,5,0,0
Nov 2024,PAK,241490000,BALOCHISTAN,Kech,first projection,2025-04-01,2025-07-31,all,1060931,1.0
Nov 2024,PAK,241490000,BALOCHISTAN,Kech,first projection,2025-04-01,2025-07-31,3+,212187,0.2
Nov 2024,PAK,241490000,BALOCHISTAN,Kech,first projection,2025-04-01,2025-07-31,1,477419,0.45
Nov 2024,PAK,241490000,BALOCHISTAN,Kech,first projection,2025-04-01,2025-07-31,2,371326,0.35
Nov 2024,PAK,241490000,BALOCHISTAN,Kech,first projection,2025-04-01,2025-07-31,3,159140,0.15
Nov 2024,PAK,241490000,BALOCHISTAN,Kech,first projection,2025-04-01,2025-07-31,4,53047,0.05
Nov 2024,PAK,241490000,BALOCHISTAN,Kech,first projection,2025-04-01,2025-07-31,5,0,0
Nov 2024,PAK,241490000,BALOCHISTAN,Washuk,current,2024-11-01,2025-03-31,all,285759,1.0
Nov 2024,PAK,241490000,BALOCHISTAN,Washuk,current,2024-11-01,2025-03-31,3+,71440,0.25
Nov 2024,PAK,241490000,BALOCHISTAN,Washuk,current,2024-11-01,2025-03-31,1,128592,0.45
Nov 2024,PAK,241490000,BALOCHISTAN,Washuk,current,2024-11-01,2025-03-31,2,85728,0.3
Nov 2024,PAK,241490000,BALOCHISTAN,Washuk,current,2024-11-01,2025-03-31,3,57152,0.2
Nov 2024,PAK,241490000,BALOCHISTAN,Washuk,current,2024-11-01,2025-03-31,4,14288,0.05
Nov 2024,PAK,241490000,BALOCHISTAN,Washuk,current,2024-11-01,2025-03-31,5,0,0
Nov 2024,PAK,241490000,BALOCHISTAN,Washuk,first projection,2025-04-01,2025-07-31,all,285759,1.0
Nov 2024,PAK,241490000,BALOCHISTAN,Washuk,first projection,2025-04-01,2025-07-31,3+,57152,0.2
Nov 2024,PAK,241490000,BALOCHISTAN,Washuk,first projection,2025-04-01,2025-07-31,1,128592,0.45
Nov 2024,PAK,241490000,BALOCHISTAN,Washuk,first projection,2025-04-01,2025-07-31,2,100016,0.35
Nov 2024,PAK,241490000,BALOCHISTAN,Washuk,first projection,2025-04-01,2025-07-31,3,57152,0.2
Nov 2024,PAK,241490000,BALOCHISTAN,Washuk,first projection,2025-04-01,2025-07-31,4,0,0
Nov 2024,PAK,241490000,BALOCHISTAN,Washuk,first projection,2025-04-01,2025-07-31,5,0,0
Nov 2024,PAK,241490000,BALOCHISTAN,Pishin,current,2024-11-01,2025-03-31,all,591283,1.0
Nov 2024,PAK,241490000,BALOCHISTAN,Pishin,current,2024-11-01,2025-03-31,3+,147821,0.25
Nov 2024,PAK,241490000,BALOCHISTAN,Pishin,current,2024-11-01,2025-03-31,1,206949,0.35
Nov 2024,PAK,241490000,BALOCHISTAN,Pishin,current,2024-11-01,2025-03-31,2,236513,0.4
Nov 2024,PAK,241490000,BALOCHISTAN,Pishin,current,2024-11-01,2025-03-31,3,118257,0.2
Nov 2024,PAK,241490000,BALOCHISTAN,Pishin,current,2024-11-01,2025-03-31,4,29564,0.05
Nov 2024,PAK,241490000,BALOCHISTAN,Pishin,current,2024-11-01,2025-03-31,5,0,0
Nov 2024,PAK,241490000,BALOCHISTAN,Pishin,first projection,2025-04-01,2025-07-31,all,591283,1.0
Nov 2024,PAK,241490000,BALOCHISTAN,Pishin,first projection,2025-04-01,2025-07-31,3+,147821,0.25
Nov 2024,PAK,241490000,BALOCHISTAN,Pishin,first projection,2025-04-01,2025-07-31,1,206949,0.35
Nov 2024,PAK,241490000,BALOCHISTAN,Pishin,first projection,2025-04-01,2025-07-31,2,236513,0.4
Nov 2024,PAK,241490000,BALOCHISTAN,Pishin,first projection,2025-04-01,2025-07-31,3,118257,0.2
Nov 2024,PAK,241490000,BALOCHISTAN,Pishin,first projection,2025-04-01,2025-07-31,4,29564,0.05
Nov 2024,PAK,241490000,BALOCHISTAN,Pishin,first projection,2025-04-01,2025-07-31,5,0,0
Nov 2024,PAK,241490000,BALOCHISTAN,Musakhel,current,2024-11-01,2025-03-31,all,168817,1.0
Nov 2024,PAK,241490000,BALOCHISTAN,Musakhel,current,2024-11-01,2025-03-31,3+,59086,0.35
Nov 2024,PAK,241490000,BALOCHISTAN,Musakhel,current,2024-11-01,2025-03-31,1,59086,0.35
Nov 2024,PAK,241490000,BALOCHISTAN,Musakhel,current,2024-11-01,2025-03-31,2,50645,0.3
Nov 2024,PAK,241490000,BALOCHISTAN,Musakhel,current,2024-11-01,2025-03-31,3,42204,0.25
Nov 2024,PAK,241490000,BALOCHISTAN,Musakhel,current,2024-11-01,2025-03-31,4,16882,0.1
Nov 2024,PAK,241490000,BALOCHISTAN,Musakhel,current,2024-11-01,2025-03-31,5,0,0
Nov 2024,PAK,241490000,BALOCHISTAN,Musakhel,first projection,2025-04-01,2025-07-31,all,168817,1.0
Nov 2024,PAK,241490000,BALOCHISTAN,Musakhel,first projection,2025-04-01,2025-07-31,3+,50645,0.3
Nov 2024,PAK,241490000,BALOCHISTAN,Musakhel,first projection,2025-04-01,2025-07-31,1,67527,0.4
Nov 2024,PAK,241490000,BALOCHISTAN,Musakhel,first projection,2025-04-01,2025-07-31,2,50645,0.3
Nov 2024,PAK,241490000,BALOCHISTAN,Musakhel,first projection,2025-04-01,2025-07-31,3,42204,0.25
Nov 2024,PAK,241490000,BALOCHISTAN,Musakhel,first projection,2025-04-01,2025-07-31,4,8441,0.05
Nov 2024,PAK,241490000,BALOCHISTAN,Musakhel,first projection,2025-04-01,2025-07-31,5,0,0
Nov 2024,PAK,241490000,BALOCHISTAN,Chagai,current,2024-11-01,2025-03-31,all,256313,1.0
Nov 2024,PAK,241490000,BALOCHISTAN,Chagai,current,2024-11-01,2025-03-31,3+,76894,0.3
Nov 2024,PAK,241490000,BALOCHISTAN,Chagai,current,2024-11-01,2025-03-31,1,102525,0.4
Nov 2024,PAK,241490000,BALOCHISTAN,Chagai,current,2024-11-01,2025-03-31,2,76894,0.3
Nov 2024,PAK,241490000,BALOCHISTAN,Chagai,current,2024-11-01,2025-03-31,3,64078,0.25
Nov 2024,PAK,241490000,BALOCHISTAN,Chagai,current,2024-11-01,2025-03-31,4,12816,0.05
Nov 2024,PAK,241490000,BALOCHISTAN,Chagai,current,2024-11-01,2025-03-31,5,0,0
Nov 2024,PAK,241490000,BALOCHISTAN,Chagai,first projection,2025-04-01,2025-07-31,all,256313,1.0
Nov 2024,PAK,241490000,BALOCHISTAN,Chagai,first projection,2025-04-01,2025-07-31,3+,64079,0.25
Nov 2024,PAK,241490000,BALOCHISTAN,Chagai,first projection,2025-04-01,2025-07-31,1,115341,0.45
Nov 2024,PAK,241490000,BALOCHISTAN,Chagai,first projection,2025-04-01,2025-07-31,2,76894,0.3
Nov 2024,PAK,241490000,BALOCHISTAN,Chagai,first projection,2025-04-01,2025-07-31,3,51263,0.2
Nov 2024,PAK,241490000,BALOCHISTAN,Chagai,first projection,2025-04-01,2025-07-31,4,12816,0.05
Nov 2024,PAK,241490000,BALOCHISTAN,Chagai,first projection,2025-04-01,2025-07-31,5,0,0
Nov 2024,PAK,241490000,BALOCHISTAN,Ziarat,current,2024-11-01,2025-03-31,all,137541,1.0
Nov 2024,PAK,241490000,BALOCHISTAN,Ziarat,current,2024-11-01,2025-03-31,3+,34385,0.25
Nov 2024,PAK,241490000,BALOCHISTAN,Ziarat,current,2024-11-01,2025-03-31,1,55016,0.4
Nov 2024,PAK,241490000,BALOCHISTAN,Ziarat,current,2024-11-01,2025-03-31,2,48139,0.35
Nov 2024,PAK,241490000,BALOCHISTAN,Ziarat,current,2024-11-01,2025-03-31,3,27508,0.2
Nov 2024,PAK,241490000,BALOCHISTAN,Ziarat,current,2024-11-01,2025-03-31,4,6877,0.05
Nov 2024,PAK,241490000,BALOCHISTAN,Ziarat,current,2024-11-01,2025-03-31,5,0,0
Nov 2024,PAK,241490000,BALOCHISTAN,Ziarat,first projection,2025-04-01,2025-07-31,all,137541,1.0
Nov 2024,PAK,241490000,BALOCHISTAN,Ziarat,first projection,2025-04-01,2025-07-31,3+,34385,0.25
Nov 2024,PAK,241490000,BALOCHISTAN,Ziarat,first projection,2025-04-01,2025-07-31,1,55016,0.4
Nov 2024,PAK,241490000,BALOCHISTAN,Ziarat,first projection,2025-04-01,2025-07-31,2,48139,0.35
Nov 2024,PAK,241490000,BALOCHISTAN,Ziarat,first projection,2025-04-01,2025-07-31,3,27508,0.2
Nov 2024,PAK,241490000,BALOCHISTAN,Ziarat,first projection,2025-04-01,2025-07-31,4,6877,0.05
Nov 2024,PAK,241490000,BALOCHISTAN,Ziarat,first projection,2025-04-01,2025-07-31,5,0,0
Nov 2024,PAK,241490000,BALOCHISTAN,Gwadar,current,2024-11-01,2025-03-31,all,155302,1.0
Nov 2024,PAK,241490000,BALOCHISTAN,Gwadar,current,2024-11-01,2025-03-31,3+,38825,0.25
Nov 2024,PAK,241490000,BALOCHISTAN,Gwadar,current,2024-11-01,2025-03-31,1,62121,0.4
Nov 2024,PAK,241490000,BALOCHISTAN,Gwadar,current,2024-11-01,2025-03-31,2,54356,0.35
Nov 2024,PAK,241490000,BALOCHISTAN,Gwadar,current,2024-11-01,2025-03-31,3,31060,0.2
Nov 2024,PAK,241490000,BALOCHISTAN,Gwadar,current,2024-11-01,2025-03-31,4,7765,0.05
Nov 2024,PAK,241490000,BALOCHISTAN,Gwadar,current,2024-11-01,2025-03-31,5,0,0
Nov 2024,PAK,241490000,BALOCHISTAN,Gwadar,first projection,2025-04-01,2025-07-31,all,155302,1.0
Nov 2024,PAK,241490000,BALOCHISTAN,Gwadar,first projection,2025-04-01,2025-07-31,3+,38825,0.25
Nov 2024,PAK,241490000,BALOCHISTAN,Gwadar,first projection,2025-04-01,2025-07-31,1,54356,0.35
Nov 2024,PAK,241490000,BALOCHISTAN,Gwadar,first projection,2025-04-01,2025-07-31,2,62121,0.4
Nov 2024,PAK,241490000,BALOCHISTAN,Gwadar,first projection,2025-04-01,2025-07-31,3,31060,0.2
Nov 2024,PAK,241490000,BALOCHISTAN,Gwadar,first projection,2025-04-01,2025-07-31,4,7765,0.05
Nov 2024,PAK,241490000,BALOCHISTAN,Gwadar,first projection,2025-04-01,2025-07-31,5,0,0
Nov 2024,PAK,241490000,BALOCHISTAN,Jaffarabad,current,2024-11-01,2025-03-31,all,209564,1.0
Nov 2024,PAK,241490000,BALOCHISTAN,Jaffarabad,current,2024-11-01,2025-03-31,3+,52391,0.25
Nov 2024,PAK,241490000,BALOCHISTAN,Jaffarabad,current,2024-11-01,2025-03-31,1,94304,0.45
Nov 2024,PAK,241490000,BALOCHISTAN,Jaffarabad,current,2024-11-01,2025-03-31,2,62869,0.3
Nov 2024,PAK,241490000,BALOCHISTAN,Jaffarabad,current,2024-11-01,2025-03-31,3,41913,0.2
Nov 2024,PAK,241490000,BALOCHISTAN,Jaffarabad,current,2024-11-01,2025-03-31,4,10478,0.05
Nov 2024,PAK,241490000,BALOCHISTAN,Jaffarabad,current,2024-11-01,2025-03-31,5,0,0
Nov 2024,PAK,241490000,BALOCHISTAN,Jaffarabad,first projection,2025-04-01,2025-07-31,all,209564,1.0
Nov 2024,PAK,241490000,BALOCHISTAN,Jaffarabad,first projection,2025-04-01,2025-07-31,3+,41913,0.2
Nov 2024,PAK,241490000,BALOCHISTAN,Jaffarabad,first projection,2025-04-01,2025-07-31,1,104782,0.5
Nov 2024,PAK,241490000,BALOCHISTAN,Jaffarabad,first projection,2025-04-01,2025-07-31,2,62869,0.3
Nov 2024,PAK,241490000,BALOCHISTAN,Jaffarabad,first projection,2025-04-01,2025-07-31,3,31435,0.15
Nov 2024,PAK,241490000,BALOCHISTAN,Jaffarabad,first projection,2025-04-01,2025-07-31,4,10478,0.05
Nov 2024,PAK,241490000,BALOCHISTAN,Jaffarabad,first projection,2025-04-01,2025-07-31,5,0,0
Nov 2024,PAK,241490000,BALOCHISTAN,Kachhi,current,2024-11-01,2025-03-31,all,383593,1.0
Nov 2024,PAK,241490000,BALOCHISTAN,Kachhi,current,2024-11-01,2025-03-31,3+,115078,0.3
Nov 2024,PAK,241490000,BALOCHISTAN,Kachhi,current,2024-11-01,2025-03-31,1,134258,0.35
Nov 2024,PAK,241490000,BALOCHISTAN,Kachhi,current,2024-11-01,2025-03-31,2,134258,0.35
Nov 2024,PAK,241490000,BALOCHISTAN,Kachhi,current,2024-11-01,2025-03-31,3,95898,0.25
Nov 2024,PAK,241490000,BALOCHISTAN,Kachhi,current,2024-11-01,2025-03-31,4,19180,0.05
Nov 2024,PAK,241490000,BALOCHISTAN,Kachhi,current,2024-11-01,2025-03-31,5,0,0
Nov 2024,PAK,241490000,BALOCHISTAN,Kachhi,first projection,2025-04-01,2025-07-31,all,383593,1.0
Nov 2024,PAK,241490000,BALOCHISTAN,Kachhi,first projection,2025-04-01,2025-07-31,3+,95899,0.25
Nov 2024,PAK,241490000,BALOCHISTAN,Kachhi,first projection,2025-04-01,2025-07-31,1,134258,0.35
Nov 2024,PAK,241490000,BALOCHISTAN,Kachhi,first projection,2025-04-01,2025-07-31,2,153437,0.4
Nov 2024,PAK,241490000,BALOCHISTAN,Kachhi,first projection,2025-04-01,2025-07-31,3,76719,0.2
Nov 2024,PAK,241490000,BALOCHISTAN,Kachhi,first projection,2025-04-01,2025-07-31,4,19180,0.05
Nov 2024,PAK,241490000,BALOCHISTAN,Kachhi,first projection,2025-04-01,2025-07-31,5,0,0
Nov 2024,PAK,241490000,BALOCHISTAN,Kalat,current,2024-11-01,2025-03-31,all,239157,1.0
Nov 2024,PAK,241490000,BALOCHISTAN,Kalat,current,2024-11-01,2025-03-31,3+,71747,0.3
Nov 2024,PAK,241490000,BALOCHISTAN,Kalat,current,2024-11-01,2025-03-31,1,95663,0.4
Nov 2024,PAK,241490000,BALOCHISTAN,Kalat,current,2024-11-01,2025-03-31,2,71747,0.3
Nov 2024,PAK,241490000,BALOCHISTAN,Kalat,current,2024-11-01,2025-03-31,3,59789,0.25
Nov 2024,PAK,241490000,BALOCHISTAN,Kalat,current,2024-11-01,2025-03-31,4,11958,0.05
Nov 2024,PAK,241490000,BALOCHISTAN,Kalat,current,2024-11-01,2025-03-31,5,0,0
Nov 2024,PAK,241490000,BALOCHISTAN,Kalat,first projection,2025-04-01,2025-07-31,all,239157,1.0
Nov 2024,PAK,241490000,BALOCHISTAN,Kalat,first projection,2025-04-01,2025-07-31,3+,59789,0.25
Nov 2024,PAK,241490000,BALOCHISTAN,Kalat,first projection,2025-04-01,2025-07-31,1,95663,0.4
Nov 2024,PAK,241490000,BALOCHISTAN,Kalat,first projection,2025-04-01,2025-07-31,2,83705,0.35
Nov 2024,PAK,241490000,BALOCHISTAN,Kalat,first projection,2025-04-01,2025-07-31,3,47831,0.2
Nov 2024,PAK,241490000,BALOCHISTAN,Kalat,first projection,2025-04-01,2025-07-31,4,11958,0.05
Nov 2024,PAK,241490000,BALOCHISTAN,Kalat,first projection,2025-04-01,2025-07-31,5,0,0
Nov 2024,PAK,241490000,BALOCHISTAN,Khuzdar,current,2024-11-01,2025-03-31,all,653277,1.0
Nov 2024,PAK,241490000,BALOCHISTAN,Khuzdar,current,2024-11-01,2025-03-31,3+,130656,0.2
Nov 2024,PAK,241490000,BALOCHISTAN,Khuzdar,current,2024-11-01,2025-03-31,1,293975,0.45
Nov 2024,PAK,241490000,BALOCHISTAN,Khuzdar,current,2024-11-01,2025-03-31,2,228647,0.35
Nov 2024,PAK,241490000,BALOCHISTAN,Khuzdar,current,2024-11-01,2025-03-31,3,97992,0.15
Nov 2024,PAK,241490000,BALOCHISTAN,Khuzdar,current,2024-11-01,2025-03-31,4,32664,0.05
Nov 2024,PAK,241490000,BALOCHISTAN,Khuzdar,current,2024-11-01,2025-03-31,5,0,0
Nov 2024,PAK,241490000,BALOCHISTAN,Khuzdar,first projection,2025-04-01,2025-07-31,all,653277,1.0
Nov 2024,PAK,241490000,BALOCHISTAN,Khuzdar,first projection,2025-04-01,2025-07-31,3+,130655,0.2
Nov 2024,PAK,241490000,BALOCHISTAN,Khuzdar,first projection,2025-04-01,2025-07-31,1,293975,0.45
Nov 2024,PAK,241490000,BALOCHISTAN,Khuzdar,first projection,2025-04-01,2025-07-31,2,228647,0.35
Nov 2024,PAK,241490000,BALOCHISTAN,Khuzdar,first projection,2025-04-01,2025-07-31,3,130655,0.2
Nov 2024,PAK,241490000,BALOCHISTAN,Khuzdar,first projection,2025-04-01,2025-07-31,4,0,0
Nov 2024,PAK,241490000,BALOCHISTAN,Khuzdar,first projection,2025-04-01,2025-07-31,5,0,0
Nov 2024,PAK,241490000,BALOCHISTAN,Killa Abdullah,current,2024-11-01,2025-03-31,all,758504,1.0
Nov 2024,PAK,241490000,BALOCHISTAN,Killa Abdullah,current,2024-11-01,2025-03-31,3+,151701,0.2
Nov 2024,PAK,241490000,BALOCHISTAN,Killa Abdullah,current,2024-11-01,2025-03-31,1,303402,0.4
Nov 2024,PAK,241490000,BALOCHISTAN,Killa Abdullah,current,2024-11-01,2025-03-31,2,303402,0.4
Nov 2024,PAK,241490000,BALOCHISTAN,Killa Abdullah,current,2024-11-01,2025-03-31,3,151701,0.2
Nov 2024,PAK,241490000,BALOCHISTAN,Killa Abdullah,current,2024-11-01,2025-03-31,4,0,0
Nov 2024,PAK,241490000,BALOCHISTAN,Killa Abdullah,current,2024-11-01,2025-03-31,5,0,0
Nov 2024,PAK,241490000,BALOCHISTAN,Killa Abdullah,first projection,2025-04-01,2025-07-31,all,758504,1.0
Nov 2024,PAK,241490000,BALOCHISTAN,Killa Abdullah,first projection,2025-04-01,2025-07-31,3+,151701,0.2
Nov 2024,PAK,241490000,BALOCHISTAN,Killa Abdullah,first projection,2025-04-01,2025-07-31,1,265476,0.35
Nov 2024,PAK,241490000,BALOCHISTAN,Killa Abdullah,first projection,2025-04-01,2025-07-31,2,341327,0.45
Nov 2024,PAK,241490000,BALOCHISTAN,Killa Abdullah,first projection,2025-04-01,2025-07-31,3,151701,0.2
Nov 2024,PAK,241490000,BALOCHISTAN,Killa Abdullah,first projection,2025-04-01,2025-07-31,4,0,0
Nov 2024,PAK,241490000,BALOCHISTAN,Killa Abdullah,first projection,2025-04-01,2025-07-31,5,0,0
Nov 2024,PAK,241490000,BALOCHISTAN,Killa Saifullah,current,2024-11-01,2025-03-31,all,322567,1.0
Nov 2024,PAK,241490000,BALOCHISTAN,Killa Saifullah,current,2024-11-01,2025-03-31,3+,80641,0.25
Nov 2024,PAK,241490000,BALOCHISTAN,Killa Saifullah,current,2024-11-01,2025-03-31,1,129027,0.4
Nov 2024,PAK,241490000,BALOCHISTAN,Killa Saifullah,current,2024-11-01,2025-03-31,2,112898,0.35
Nov 2024,PAK,241490000,BALOCHISTAN,Killa Saifullah,current,2024-11-01,2025-03-31,3,64513,0.2
Nov 2024,PAK,241490000,BALOCHISTAN,Killa Saifullah,current,2024-11-01,2025-03-31,4,16128,0.05
Nov 2024,PAK,241490000,BALOCHISTAN,Killa Saifullah,current,2024-11-01,2025-03-31,5,0,0
Nov 2024,PAK,241490000,BALOCHISTAN,Killa Saifullah,first projection,2025-04-01,2025-07-31,all,322567,1.0
Nov 2024,PAK,241490000,BALOCHISTAN,Killa Saifullah,first projection,2025-04-01,2025-07-31,3+,80641,0.25
Nov 2024,PAK,241490000,BALOCHISTAN,Killa Saifullah,first projection,2025-04-01,2025-07-31,1,129027,0.4
Nov 2024,PAK,241490000,BALOCHISTAN,Killa Saifullah,first projection,2025-04-01,2025-07-31,2,112898,0.35
Nov 2024,PAK,241490000,BALOCHISTAN,Killa Saifullah,first projection,2025-04-01,2025-07-31,3,64513,0.2
Nov 2024,PAK,241490000,BALOCHISTAN,Killa Saifullah,first projection,2025-04-01,2025-07-31,4,16128,0.05
Nov 2024,PAK,241490000,BALOCHISTAN,Killa Saifullah,first projection,2025-04-01,2025-07-31,5,0,0
Nov 2024,PAK,241490000,BALOCHISTAN,Lasbela,current,2024-11-01,2025-03-31,all,360729,1.0
Nov 2024,PAK,241490000,BALOCHISTAN,Lasbela,current,2024-11-01,2025-03-31,3+,72145,0.2
Nov 2024,PAK,241490000,BALOCHISTAN,Lasbela,current,2024-11-01,2025-03-31,1,162328,0.45
Nov 2024,PAK,241490000,BALOCHISTAN,Lasbela,current,2024-11-01,2025-03-31,2,126255,0.35
Nov 2024,PAK,241490000,BALOCHISTAN,Lasbela,current,2024-11-01,2025-03-31,3,54109,0.15
Nov 2024,PAK,241490000,BALOCHISTAN,Lasbela,current,2024-11-01,2025-03-31,4,18036,0.05
Nov 2024,PAK,241490000,BALOCHISTAN,Lasbela,current,2024-11-01,2025-03-31,5,0,0
Nov 2024,PAK,241490000,BALOCHISTAN,Lasbela,first projection,2025-04-01,2025-07-31,all,360729,1.0
Nov 2024,PAK,241490000,BALOCHISTAN,Lasbela,first projection,2025-04-01,2025-07-31,3+,72146,0.2
Nov 2024,PAK,241490000,BALOCHISTAN,Lasbela,first projection,2025-04-01,2025-07-31,1,162328,0.45
Nov 2024,PAK,241490000,BALOCHISTAN,Lasbela,first projection,2025-04-01,2025-07-31,2,126255,0.35
Nov 2024,PAK,241490000,BALOCHISTAN,Lasbela,first projection,2025-04-01,2025-07-31,3,72146,0.2
Nov 2024,PAK,241490000,BALOCHISTAN,Lasbela,first projection,2025-04-01,2025-07-31,4,0,0
Nov 2024,PAK,241490000,BALOCHISTAN,Lasbela,first projection,2025-04-01,2025-07-31,5,0,0
Nov 2024,PAK,241490000,BALOCHISTAN,Loralai,current,2024-11-01,2025-03-31,all,216981,1.0
Nov 2024,PAK,241490000,BALOCHISTAN,Loralai,current,2024-11-01,2025-03-31,3+,54245,0.25
Nov 2024,PAK,241490000,BALOCHISTAN,Loralai,current,2024-11-01,2025-03-31,1,86792,0.4
Nov 2024,PAK,241490000,BALOCHISTAN,Loralai,current,2024-11-01,2025-03-31,2,75943,0.35
Nov 2024,PAK,241490000,BALOCHISTAN,Loralai,current,2024-11-01,2025-03-31,3,43396,0.2
Nov 2024,PAK,241490000,BALOCHISTAN,Loralai,current,2024-11-01,2025-03-31,4,10849,0.05
Nov 2024,PAK,241490000,BALOCHISTAN,Loralai,current,2024-11-01,2025-03-31,5,0,0
Nov 2024,PAK,241490000,BALOCHISTAN,Loralai,first projection,2025-04-01,2025-07-31,all,216981,1.0
Nov 2024,PAK,241490000,BALOCHISTAN,Loralai,first projection,2025-04-01,2025-07-31,3+,54245,0.25
Nov 2024,PAK,241490000,BALOCHISTAN,Loralai,first projection,2025-04-01,2025-07-31,1,86792,0.4
Nov 2024,PAK,241490000,BALOCHISTAN,Loralai,first projection,2025-04-01,2025-07-31,2,75943,0.35
Nov 2024,PAK,241490000,BALOCHISTAN,Loralai,first projection,2025-04-01,2025-07-31,3,43396,0.2
Nov 2024,PAK,241490000,BALOCHISTAN,Loralai,first projection,2025-04-01,2025-07-31,4,10849,0.05
Nov 2024,PAK,241490000,BALOCHISTAN,Loralai,first projection,2025-04-01,2025-07-31,5,0,0
Nov 2024,PAK,241490000,BALOCHISTAN,Nasirabad,current,2024-11-01,2025-03-31,all,467818,1.0
Nov 2024,PAK,241490000,BALOCHISTAN,Nasirabad,current,2024-11-01,2025-03-31,3+,116955,0.25
Nov 2024,PAK,241490000,BALOCHISTAN,Nasirabad,current,2024-11-01,2025-03-31,1,187127,0.4
Nov 2024,PAK,241490000,BALOCHISTAN,Nasirabad,current,2024-11-01,2025-03-31,2,163736,0.35
Nov 2024,PAK,241490000,BALOCHISTAN,Nasirabad,current,2024-11-01,2025-03-31,3,93564,0.2
Nov 2024,PAK,241490000,BALOCHISTAN,Nasirabad,current,2024-11-01,2025-03-31,4,23391,0.05
Nov 2024,PAK,241490000,BALOCHISTAN,Nasirabad,current,2024-11-01,2025-03-31,5,0,0
Nov 2024,PAK,241490000,BALOCHISTAN,Nasirabad,first projection,2025-04-01,2025-07-31,all,467818,1.0
Nov 2024,PAK,241490000,BALOCHISTAN,Nasirabad,first projection,2025-04-01,2025-07-31,3+,116955,0.25
Nov 2024,PAK,241490000,BALOCHISTAN,Nasirabad,first projection,2025-04-01,2025-07-31,1,210518,0.45
Nov 2024,PAK,241490000,BALOCHISTAN,Nasirabad,first projection,2025-04-01,2025-07-31,2,140345,0.3
Nov 2024,PAK,241490000,BALOCHISTAN,Nasirabad,first projection,2025-04-01,2025-07-31,3,93564,0.2
Nov 2024,PAK,241490000,BALOCHISTAN,Nasirabad,first projection,2025-04-01,2025-07-31,4,23391,0.05
Nov 2024,PAK,241490000,BALOCHISTAN,Nasirabad,first projection,2025-04-01,2025-07-31,5,0,0
Nov 2024,PAK,241490000,BALOCHISTAN,Quetta,current,2024-11-01,2025-03-31,all,995546,1.0
Nov 2024,PAK,241490000,BALOCHISTAN,Quetta,current,2024-11-01,2025-03-31,3+,199109,0.2
Nov 2024,PAK,241490000,BALOCHISTAN,Quetta,current,2024-11-01,2025-03-31,1,497773,0.5
Nov 2024,PAK,241490000,BALOCHISTAN,Quetta,current,2024-11-01,2025-03-31,2,298664,0.3
Nov 2024,PAK,241490000,BALOCHISTAN,Quetta,current,2024-11-01,2025-03-31,3,199109,0.2
Nov 2024,PAK,241490000,BALOCHISTAN,Quetta,current,2024-11-01,2025-03-31,4,0,0
Nov 2024,PAK,241490000,BALOCHISTAN,Quetta,current,2024-11-01,2025-03-31,5,0,0
Nov 2024,PAK,241490000,BALOCHISTAN,Quetta,first projection,2025-04-01,2025-07-31,all,995546,1.0
Nov 2024,PAK,241490000,BALOCHISTAN,Quetta,first projection,2025-04-01,2025-07-31,3+,199109,0.2
Nov 2024,PAK,241490000,BALOCHISTAN,Quetta,first projection,2025-04-01,2025-07-31,1,447996,0.45
Nov 2024,PAK,241490000,BALOCHISTAN,Quetta,first projection,2025-04-01,2025-07-31,2,348441,0.35
Nov 2024,PAK,241490000,BALOCHISTAN,Quetta,first projection,2025-04-01,2025-07-31,3,199109,0.2
Nov 2024,PAK,241490000,BALOCHISTAN,Quetta,first projection,2025-04-01,2025-07-31,4,0,0
Nov 2024,PAK,241490000,BALOCHISTAN,Quetta,first projection,2025-04-01,2025-07-31,5,0,0
Nov 2024,PAK,241490000,BALOCHISTAN,Nushki,current,2024-11-01,2025-03-31,all,164231,1.0
Nov 2024,PAK,241490000,BALOCHISTAN,Nushki,current,2024-11-01,2025-03-31,3+,41058,0.25
Nov 2024,PAK,241490000,BALOCHISTAN,Nushki,current,2024-11-01,2025-03-31,1,73904,0.45
Nov 2024,PAK,241490000,BALOCHISTAN,Nushki,current,2024-11-01,2025-03-31,2,49269,0.3
Nov 2024,PAK,241490000,BALOCHISTAN,Nushki,current,2024-11-01,2025-03-31,3,32846,0.2
Nov 2024,PAK,241490000,BALOCHISTAN,Nushki,current,2024-11-01,2025-03-31,4,8212,0.05
Nov 2024,PAK,241490000,BALOCHISTAN,Nushki,current,2024-11-01,2025-03-31,5,0,0
Nov 2024,PAK,241490000,BALOCHISTAN,Nushki,first projection,2025-04-01,2025-07-31,all,164231,1.0
Nov 2024,PAK,241490000,BALOCHISTAN,Nushki,first projection,2025-04-01,2025-07-31,3+,41058,0.25
Nov 2024,PAK,241490000,BALOCHISTAN,Nushki,first projection,2025-04-01,2025-07-31,1,73904,0.45
Nov 2024,PAK,241490000,BALOCHISTAN,Nushki,first projection,2025-04-01,2025-07-31,2,49269,0.3
Nov 2024,PAK,241490000,BALOCHISTAN,Nushki,first projection,2025-04-01,2025-07-31,3,41058,0.25
Nov 2024,PAK,241490000,BALOCHISTAN,Nushki,first projection,2025-04-01,2025-07-31,4,0,0
Nov 2024,PAK,241490000,BALOCHISTAN,Nushki,first projection,2025-04-01,2025-07-31,5,0,0
Nov 2024,PAK,241490000,BALOCHISTAN,Zhob,current,2024-11-01,2025-03-31,all,316866,1.0
Nov 2024,PAK,241490000,BALOCHISTAN,Zhob,current,2024-11-01,2025-03-31,3+,79216,0.25
Nov 2024,PAK,241490000,BALOCHISTAN,Zhob,current,2024-11-01,2025-03-31,1,142590,0.45
Nov 2024,PAK,241490000,BALOCHISTAN,Zhob,current,2024-11-01,2025-03-31,2,95060,0.3
Nov 2024,PAK,241490000,BALOCHISTAN,Zhob,current,2024-11-01,2025-03-31,3,63373,0.2
Nov 2024,PAK,241490000,BALOCHISTAN,Zhob,current,2024-11-01,2025-03-31,4,15843,0.05
Nov 2024,PAK,241490000,BALOCHISTAN,Zhob,current,2024-11-01,2025-03-31,5,0,0
Nov 2024,PAK,241490000,BALOCHISTAN,Zhob,first projection,2025-04-01,2025-07-31,all,316866,1.0
Nov 2024,PAK,241490000,BALOCHISTAN,Zhob,first projection,2025-04-01,2025-07-31,3+,63373,0.2
Nov 2024,PAK,241490000,BALOCHISTAN,Zhob,first projection,2025-04-01,2025-07-31,1,142590,0.45
Nov 2024,PAK,241490000,BALOCHISTAN,Zhob,first projection,2025-04-01,2025-07-31,2,110903,0.35
Nov 2024,PAK,241490000,BALOCHISTAN,Zhob,first projection,2025-04-01,2025-07-31,3,63373,0.2
Nov 2024,PAK,241490000,BALOCHISTAN,Zhob,first projection,2025-04-01,2025-07-31,4,0,0
Nov 2024,PAK,241490000,BALOCHISTAN,Zhob,first projection,2025-04-01,2025-07-31,5,0,0
Nov 2024,PAK,241490000,SINDH,Larkana,current,2024-11-01,2025-03-31,all,992525,1.0
Nov 2024,PAK,241490000,SINDH,Larkana,current,2024-11-01,2025-03-31,3+,148879,0.15
Nov 2024,PAK,241490000,SINDH,Larkana,current,2024-11-01,2025-03-31,1,446636,0.45
Nov 2024,PAK,241490000,SINDH,Larkana,current,2024-11-01,2025-03-31,2,397010,0.4
Nov 2024,PAK,241490000,SINDH,Larkana,current,2024-11-01,2025-03-31,3,148879,0.15
Nov 2024,PAK,241490000,SINDH,Larkana,current,2024-11-01,2025-03-31,4,0,0
Nov 2024,PAK,241490000,SINDH,Larkana,current,2024-11-01,2025-03-31,5,0,0
Nov 2024,PAK,241490000,SINDH,Larkana,first projection,2025-04-01,2025-07-31,all,992525,1.0
Nov 2024,PAK,241490000,SINDH,Larkana,first projection,2025-04-01,2025-07-31,3+,148879,0.15
Nov 2024,PAK,241490000,SINDH,Larkana,first projection,2025-04-01,2025-07-31,1,496263,0.5
Nov 2024,PAK,241490000,SINDH,Larkana,first projection,2025-04-01,2025-07-31,2,347384,0.35
Nov 2024,PAK,241490000,SINDH,Larkana,first projection,2025-04-01,2025-07-31,3,148879,0.15
Nov 2024,PAK,241490000,SINDH,Larkana,first projection,2025-04-01,2025-07-31,4,0,0
Nov 2024,PAK,241490000,SINDH,Larkana,first projection,2025-04-01,2025-07-31,5,0,0
Nov 2024,PAK,241490000,SINDH,Kashmore,current,2024-11-01,2025-03-31,all,966179,1.0
Nov 2024,PAK,241490000,SINDH,Kashmore,current,2024-11-01,2025-03-31,3+,241545,0.25
Nov 2024,PAK,241490000,SINDH,Kashmore,current,2024-11-01,2025-03-31,1,386472,0.4
Nov 2024,PAK,241490000,SINDH,Kashmore,current,2024-11-01,2025-03-31,2,338163,0.35
Nov 2024,PAK,241490000,SINDH,Kashmore,current,2024-11-01,2025-03-31,3,193236,0.2
Nov 2024,PAK,241490000,SINDH,Kashmore,current,2024-11-01,2025-03-31,4,48309,0.05
Nov 2024,PAK,241490000,SINDH,Kashmore,current,2024-11-01,2025-03-31,5,0,0
Nov 2024,PAK,241490000,SINDH,Kashmore,first projection,2025-04-01,2025-07-31,all,966179,1.0
Nov 2024,PAK,241490000,SINDH,Kashmore,first projection,2025-04-01,2025-07-31,3+,193236,0.2
Nov 2024,PAK,241490000,SINDH,Kashmore,first projection,2025-04-01,2025-07-31,1,386472,0.4
Nov 2024,PAK,241490000,SINDH,Kashmore,first projection,2025-04-01,2025-07-31,2,386472,0.4
Nov 2024,PAK,241490000,SINDH,Kashmore,first projection,2025-04-01,2025-07-31,3,193236,0.2
Nov 2024,PAK,241490000,SINDH,Kashmore,first projection,2025-04-01,2025-07-31,4,0,0
Nov 2024,PAK,241490000,SINDH,Kashmore,first projection,2025-04-01,2025-07-31,5,0,0
Nov 2024,PAK,241490000,SINDH,Khairpur,current,2024-11-01,2025-03-31,all,1775035,1.0
Nov 2024,PAK,241490000,SINDH,Khairpur,current,2024-11-01,2025-03-31,3+,266255,0.15
Nov 2024,PAK,241490000,SINDH,Khairpur,current,2024-11-01,2025-03-31,1,976269,0.55
Nov 2024,PAK,241490000,SINDH,Khairpur,current,2024-11-01,2025-03-31,2,532511,0.3
Nov 2024,PAK,241490000,SINDH,Khairpur,current,2024-11-01,2025-03-31,3,266255,0.15
Nov 2024,PAK,241490000,SINDH,Khairpur,current,2024-11-01,2025-03-31,4,0,0
Nov 2024,PAK,241490000,SINDH,Khairpur,current,2024-11-01,2025-03-31,5,0,0
Nov 2024,PAK,241490000,SINDH,Khairpur,first projection,2025-04-01,2025-07-31,all,1775035,1.0
Nov 2024,PAK,241490000,SINDH,Khairpur,first projection,2025-04-01,2025-07-31,3+,266255,0.15
Nov 2024,PAK,241490000,SINDH,Khairpur,first projection,2025-04-01,2025-07-31,1,976269,0.55
Nov 2024,PAK,241490000,SINDH,Khairpur,first projection,2025-04-01,2025-07-31,2,532511,0.3
Nov 2024,PAK,241490000,SINDH,Khairpur,first projection,2025-04-01,2025-07-31,3,266255,0.15
Nov 2024,PAK,241490000,SINDH,Khairpur,first projection,2025-04-01,2025-07-31,4,0,0
Nov 2024,PAK,241490000,SINDH,Khairpur,first projection,2025-04-01,2025-07-31,5,0,0
Nov 2024,PAK,241490000,SINDH,Naushahro Feroze,current,2024-11-01,2025-03-31,all,1276116,1.0
Nov 2024,PAK,241490000,SINDH,Naushahro Feroze,current,2024-11-01,2025-03-31,3+,191417,0.15
Nov 2024,PAK,241490000,SINDH,Naushahro Feroze,current,2024-11-01,2025-03-31,1,638058,0.5
Nov 2024,PAK,241490000,SINDH,Naushahro Feroze,current,2024-11-01,2025-03-31,2,446641,0.35
Nov 2024,PAK,241490000,SINDH,Naushahro Feroze,current,2024-11-01,2025-03-31,3,191417,0.15
Nov 2024,PAK,241490000,SINDH,Naushahro Feroze,current,2024-11-01,2025-03-31,4,0,0
Nov 2024,PAK,241490000,SINDH,Naushahro Feroze,current,2024-11-01,2025-03-31,5,0,0
Nov 2024,PAK,241490000,SINDH,Naushahro Feroze,first projection,2025-04-01,2025-07-31,all,1276116,1.0
Nov 2024,PAK,241490000,SINDH,Naushahro Feroze,first projection,2025-04-01,2025-07-31,3+,191417,0.15
Nov 2024,PAK,241490000,SINDH,Naushahro Feroze,first projection,2025-04-01,2025-07-31,1,638058,0.5
Nov 2024,PAK,241490000,SINDH,Naushahro Feroze,first projection,2025-04-01,2025-07-31,2,446641,0.35
Nov 2024,PAK,241490000,SINDH,Naushahro Feroze,first projection,2025-04-01,2025-07-31,3,191417,0.15
Nov 2024,PAK,241490000,SINDH,Naushahro Feroze,first projection,2025-04-01,2025-07-31,4,0,0
Nov 2024,PAK,241490000,SINDH,Naushahro Feroze,first projection,2025-04-01,2025-07-31,5,0,0
Nov 2024,PAK,241490000,SINDH,Mirpur Khas,current,2024-11-01,2025-03-31,all,1210265,1.0
Nov 2024,PAK,241490000,SINDH,Mirpur Khas,current,2024-11-01,2025-03-31,3+,242053,0.2
Nov 2024,PAK,241490000,SINDH,Mirpur Khas,current,2024-11-01,2025-03-31,1,484106,0.4
Nov 2024,PAK,241490000,SINDH,Mirpur Khas,current,2024-11-01,2025-03-31,2,484106,0.4
Nov 2024,PAK,241490000,SINDH,Mirpur Khas,current,2024-11-01,2025-03-31,3,181540,0.15
Nov 2024,PAK,241490000,SINDH,Mirpur Khas,current,2024-11-01,2025-03-31,4,60513,0.05
Nov 2024,PAK,241490000,SINDH,Mirpur Khas,current,2024-11-01,2025-03-31,5,0,0
Nov 2024,PAK,241490000,SINDH,Mirpur Khas,first projection,2025-04-01,2025-07-31,all,1210265,1.0
Nov 2024,PAK,241490000,SINDH,Mirpur Khas,first projection,2025-04-01,2025-07-31,3+,242053,0.2
Nov 2024,PAK,241490000,SINDH,Mirpur Khas,first projection,2025-04-01,2025-07-31,1,484106,0.4
Nov 2024,PAK,241490000,SINDH,Mirpur Khas,first projection,2025-04-01,2025-07-31,2,484106,0.4
Nov 2024,PAK,241490000,SINDH,Mirpur Khas,first projection,2025-04-01,2025-07-31,3,242053,0.2
Nov 2024,PAK,241490000,SINDH,Mirpur Khas,first projection,2025-04-01,2025-07-31,4,0,0
Nov 2024,PAK,241490000,SINDH,Mirpur Khas,first projection,2025-04-01,2025-07-31,5,0,0
Nov 2024,PAK,241490000,SINDH,Jacobabad,current,2024-11-01,2025-03-31,all,830627,1.0
Nov 2024,PAK,241490000,SINDH,Jacobabad,current,2024-11-01,2025-03-31,3+,166125,0.2
Nov 2024,PAK,241490000,SINDH,Jacobabad,current,2024-11-01,2025-03-31,1,373782,0.45
Nov 2024,PAK,241490000,SINDH,Jacobabad,current,2024-11-01,2025-03-31,2,290719,0.35
Nov 2024,PAK,241490000,SINDH,Jacobabad,current,2024-11-01,2025-03-31,3,166125,0.2
Nov 2024,PAK,241490000,SINDH,Jacobabad,current,2024-11-01,2025-03-31,4,0,0
Nov 2024,PAK,241490000,SINDH,Jacobabad,current,2024-11-01,2025-03-31,5,0,0
Nov 2024,PAK,241490000,SINDH,Jacobabad,first projection,2025-04-01,2025-07-31,all,830627,1.0
Nov 2024,PAK,241490000,SINDH,Jacobabad,first projection,2025-04-01,2025-07-31,3+,166125,0.2
Nov 2024,PAK,241490000,SINDH,Jacobabad,first projection,2025-04-01,2025-07-31,1,332251,0.4
Nov 2024,PAK,241490000,SINDH,Jacobabad,first projection,2025-04-01,2025-07-31,2,332251,0.4
Nov 2024,PAK,241490000,SINDH,Jacobabad,first projection,2025-04-01,2025-07-31,3,166125,0.2
Nov 2024,PAK,241490000,SINDH,Jacobabad,first projection,2025-04-01,2025-07-31,4,0,0
Nov 2024,PAK,241490000,SINDH,Jacobabad,first projection,2025-04-01,2025-07-31,5,0,0
Nov 2024,PAK,241490000,SINDH,Sujawal,current,2024-11-01,2025-03-31,all,760368,1.0
Nov 2024,PAK,241490000,SINDH,Sujawal,current,2024-11-01,2025-03-31,3+,190092,0.25
Nov 2024,PAK,241490000,SINDH,Sujawal,current,2024-11-01,2025-03-31,1,342166,0.45
Nov 2024,PAK,241490000,SINDH,Sujawal,current,2024-11-01,2025-03-31,2,228110,0.3
Nov 2024,PAK,241490000,SINDH,Sujawal,current,2024-11-01,2025-03-31,3,152074,0.2
Nov 2024,PAK,241490000,SINDH,Sujawal,current,2024-11-01,2025-03-31,4,38018,0.05
Nov 2024,PAK,241490000,SINDH,Sujawal,current,2024-11-01,2025-03-31,5,0,0
Nov 2024,PAK,241490000,SINDH,Sujawal,first projection,2025-04-01,2025-07-31,all,760368,1.0
Nov 2024,PAK,241490000,SINDH,Sujawal,first projection,2025-04-01,2025-07-31,3+,152073,0.2
Nov 2024,PAK,241490000,SINDH,Sujawal,first projection,2025-04-01,2025-07-31,1,342166,0.45
Nov 2024,PAK,241490000,SINDH,Sujawal,first projection,2025-04-01,2025-07-31,2,266129,0.35
Nov 2024,PAK,241490000,SINDH,Sujawal,first projection,2025-04-01,2025-07-31,3,114055,0.15
Nov 2024,PAK,241490000,SINDH,Sujawal,first projection,2025-04-01,2025-07-31,4,38018,0.05
Nov 2024,PAK,241490000,SINDH,Sujawal,first projection,2025-04-01,2025-07-31,5,0,0
Nov 2024,PAK,241490000,SINDH,Ghotki,current,2024-11-01,2025-03-31,all,1411603,1.0
Nov 2024,PAK,241490000,SINDH,Ghotki,current,2024-11-01,2025-03-31,3+,282321,0.2
Nov 2024,PAK,241490000,SINDH,Ghotki,current,2024-11-01,2025-03-31,1,705802,0.5
Nov 2024,PAK,241490000,SINDH,Ghotki,current,2024-11-01,2025-03-31,2,423481,0.3
Nov 2024,PAK,241490000,SINDH,Ghotki,current,2024-11-01,2025-03-31,3,282321,0.2
Nov 2024,PAK,241490000,SINDH,Ghotki,current,2024-11-01,2025-03-31,4,0,0
Nov 2024,PAK,241490000,SINDH,Ghotki,current,2024-11-01,2025-03-31,5,0,0
Nov 2024,PAK,241490000,SINDH,Ghotki,first projection,2025-04-01,2025-07-31,all,1411603,1.0
Nov 2024,PAK,241490000,SINDH,Ghotki,first projection,2025-04-01,2025-07-31,3+,211740,0.15
Nov 2024,PAK,241490000,SINDH,Ghotki,first projection,2025-04-01,2025-07-31,1,776382,0.55
Nov 2024,PAK,241490000,SINDH,Ghotki,first projection,2025-04-01,2025-07-31,2,423481,0.3
Nov 2024,PAK,241490000,SINDH,Ghotki,first projection,2025-04-01,2025-07-31,3,211740,0.15
Nov 2024,PAK,241490000,SINDH,Ghotki,first projection,2025-04-01,2025-07-31,4,0,0
Nov 2024,PAK,241490000,SINDH,Ghotki,first projection,2025-04-01,2025-07-31,5,0,0
Nov 2024,PAK,241490000,SINDH,Shikarpur,current,2024-11-01,2025-03-31,all,1092560,1.0
Nov 2024,PAK,241490000,SINDH,Shikarpur,current,2024-11-01,2025-03-31,3+,218512,0.2
Nov 2024,PAK,241490000,SINDH,Shikarpur,current,2024-11-01,2025-03-31,1,600908,0.55
Nov 2024,PAK,241490000,SINDH,Shikarpur,current,2024-11-01,2025-03-31,2,273140,0.25
Nov 2024,PAK,241490000,SINDH,Shikarpur,current,2024-11-01,2025-03-31,3,218512,0.2
Nov 2024,PAK,241490000,SINDH,Shikarpur,current,2024-11-01,2025-03-31,4,0,0
Nov 2024,PAK,241490000,SINDH,Shikarpur,current,2024-11-01,2025-03-31,5,0,0
Nov 2024,PAK,241490000,SINDH,Shikarpur,first projection,2025-04-01,2025-07-31,all,1092560,1.0
Nov 2024,PAK,241490000,SINDH,Shikarpur,first projection,2025-04-01,2025-07-31,3+,163884,0.15
Nov 2024,PAK,241490000,SINDH,Shikarpur,first projection,2025-04-01,2025-07-31,1,600908,0.55
Nov 2024,PAK,241490000,SINDH,Shikarpur,first projection,2025-04-01,2025-07-31,2,327768,0.3
Nov 2024,PAK,241490000,SINDH,Shikarpur,first projection,2025-04-01,2025-07-31,3,163884,0.15
Nov 2024,PAK,241490000,SINDH,Shikarpur,first projection,2025-04-01,2025-07-31,4,0,0
Nov 2024,PAK,241490000,SINDH,Shikarpur,first projection,2025-04-01,2025-07-31,5,0,0
Nov 2024,PAK,241490000,SINDH,Badin,current,2024-11-01,2025-03-31,all,1535045,1.0
Nov 2024,PAK,241490000,SINDH,Badin,current,2024-11-01,2025-03-31,3+,383761,0.25
Nov 2024,PAK,241490000,SINDH,Badin,current,2024-11-01,2025-03-31,1,614018,0.4
Nov 2024,PAK,241490000,SINDH,Badin,current,2024-11-01,2025-03-31,2,537266,0.35
Nov 2024,PAK,241490000,SINDH,Badin,current,2024-11-01,2025-03-31,3,307009,0.2
Nov 2024,PAK,241490000,SINDH,Badin,current,2024-11-01,2025-03-31,4,76752,0.05
Nov 2024,PAK,241490000,SINDH,Badin,current,2024-11-01,2025-03-31,5,0,0
Nov 2024,PAK,241490000,SINDH,Badin,first projection,2025-04-01,2025-07-31,all,1535045,1.0
Nov 2024,PAK,241490000,SINDH,Badin,first projection,2025-04-01,2025-07-31,3+,307009,0.2
Nov 2024,PAK,241490000,SINDH,Badin,first projection,2025-04-01,2025-07-31,1,614018,0.4
Nov 2024,PAK,241490000,SINDH,Badin,first projection,2025-04-01,2025-07-31,2,614018,0.4
Nov 2024,PAK,241490000,SINDH,Badin,first projection,2025-04-01,2025-07-31,3,230257,0.15
Nov 2024,PAK,241490000,SINDH,Badin,first projection,2025-04-01,2025-07-31,4,76752,0.05
Nov 2024,PAK,241490000,SINDH,Badin,first projection,2025-04-01,2025-07-31,5,0,0
Nov 2024,PAK,241490000,SINDH,Dadu,current,2024-11-01,2025-03-31,all,1327503,1.0
Nov 2024,PAK,241490000,SINDH,Dadu,current,2024-11-01,2025-03-31,3+,265501,0.2
Nov 2024,PAK,241490000,SINDH,Dadu,current,2024-11-01,2025-03-31,1,597376,0.45
Nov 2024,PAK,241490000,SINDH,Dadu,current,2024-11-01,2025-03-31,2,464626,0.35
Nov 2024,PAK,241490000,SINDH,Dadu,current,2024-11-01,2025-03-31,3,265501,0.2
Nov 2024,PAK,241490000,SINDH,Dadu,current,2024-11-01,2025-03-31,4,0,0
Nov 2024,PAK,241490000,SINDH,Dadu,current,2024-11-01,2025-03-31,5,0,0
Nov 2024,PAK,241490000,SINDH,Dadu,first projection,2025-04-01,2025-07-31,all,1327503,1.0
Nov 2024,PAK,241490000,SINDH,Dadu,first projection,2025-04-01,2025-07-31,3+,199125,0.15
Nov 2024,PAK,241490000,SINDH,Dadu,first projection,2025-04-01,2025-07-31,1,663752,0.5
Nov 2024,PAK,241490000,SINDH,Dadu,first projection,2025-04-01,2025-07-31,2,464626,0.35
Nov 2024,PAK,241490000,SINDH,Dadu,first projection,2025-04-01,2025-07-31,3,199125,0.15
Nov 2024,PAK,241490000,SINDH,Dadu,first projection,2025-04-01,2025-07-31,4,0,0
Nov 2024,PAK,241490000,SINDH,Dadu,first projection,2025-04-01,2025-07-31,5,0,0
Nov 2024,PAK,241490000,SINDH,Jamshoro,current,2024-11-01,2025-03-31,all,601475,1.0
Nov 2024,PAK,241490000,SINDH,Jamshoro,current,2024-11-01,2025-03-31,3+,120295,0.2
Nov 2024,PAK,241490000,SINDH,Jamshoro,current,2024-11-01,2025-03-31,1,270664,0.45
Nov 2024,PAK,241490000,SINDH,Jamshoro,current,2024-11-01,2025-03-31,2,210516,0.35
Nov 2024,PAK,241490000,SINDH,Jamshoro,current,2024-11-01,2025-03-31,3,90221,0.15
Nov 2024,PAK,241490000,SINDH,Jamshoro,current,2024-11-01,2025-03-31,4,30074,0.05
Nov 2024,PAK,241490000,SINDH,Jamshoro,current,2024-11-01,2025-03-31,5,0,0
Nov 2024,PAK,241490000,SINDH,Jamshoro,first projection,2025-04-01,2025-07-31,all,601475,1.0
Nov 2024,PAK,241490000,SINDH,Jamshoro,first projection,2025-04-01,2025-07-31,3+,120295,0.2
Nov 2024,PAK,241490000,SINDH,Jamshoro,first projection,2025-04-01,2025-07-31,1,270664,0.45
Nov 2024,PAK,241490000,SINDH,Jamshoro,first projection,2025-04-01,2025-07-31,2,210516,0.35
Nov 2024,PAK,241490000,SINDH,Jamshoro,first projection,2025-04-01,2025-07-31,3,120295,0.2
Nov 2024,PAK,241490000,SINDH,Jamshoro,first projection,2025-04-01,2025-07-31,4,0,0
Nov 2024,PAK,241490000,SINDH,Jamshoro,first projection,2025-04-01,2025-07-31,5,0,0
Nov 2024,PAK,241490000,SINDH,Sanghar,current,2024-11-01,2025-03-31,all,1713464,1.0
Nov 2024,PAK,241490000,SINDH,Sanghar,current,2024-11-01,2025-03-31,3+,342693,0.2
Nov 2024,PAK,241490000,SINDH,Sanghar,current,2024-11-01,2025-03-31,1,771059,0.45
Nov 2024,PAK,241490000,SINDH,Sanghar,current,2024-11-01,2025-03-31,2,599712,0.35
Nov 2024,PAK,241490000,SINDH,Sanghar,current,2024-11-01,2025-03-31,3,342693,0.2
Nov 2024,PAK,241490000,SINDH,Sanghar,current,2024-11-01,2025-03-31,4,0,0
Nov 2024,PAK,241490000,SINDH,Sanghar,current,2024-11-01,2025-03-31,5,0,0
Nov 2024,PAK,241490000,SINDH,Sanghar,first projection,2025-04-01,2025-07-31,all,1713464,1.0
Nov 2024,PAK,241490000,SINDH,Sanghar,first projection,2025-04-01,2025-07-31,3+,342693,0.2
Nov 2024,PAK,241490000,SINDH,Sanghar,first projection,2025-04-01,2025-07-31,1,771059,0.45
Nov 2024,PAK,241490000,SINDH,Sanghar,first projection,2025-04-01,2025-07-31,2,599712,0.35
Nov 2024,PAK,241490000,SINDH,Sanghar,first projection,2025-04-01,2025-07-31,3,342693,0.2
Nov 2024,PAK,241490000,SINDH,Sanghar,first projection,2025-04-01,2025-07-31,4,0,0
Nov 2024,PAK,241490000,SINDH,Sanghar,first projection,2025-04-01,2025-07-31,5,0,0
Nov 2024,PAK,241490000,SINDH,Umer Kot,current,2024-11-01,2025-03-31,all,913390,1.0
Nov 2024,PAK,241490000,SINDH,Umer Kot,current,2024-11-01,2025-03-31,3+,182678,0.2
Nov 2024,PAK,241490000,SINDH,Umer Kot,current,2024-11-01,2025-03-31,1,411026,0.45
Nov 2024,PAK,241490000,SINDH,Umer Kot,current,2024-11-01,2025-03-31,2,319687,0.35
Nov 2024,PAK,241490000,SINDH,Umer Kot,current,2024-11-01,2025-03-31,3,182678,0.2
Nov 2024,PAK,241490000,SINDH,Umer Kot,current,2024-11-01,2025-03-31,4,0,0
Nov 2024,PAK,241490000,SINDH,Umer Kot,current,2024-11-01,2025-03-31,5,0,0
Nov 2024,PAK,241490000,SINDH,Umer Kot,first projection,2025-04-01,2025-07-31,all,913390,1.0
Nov 2024,PAK,241490000,SINDH,Umer Kot,first projection,2025-04-01,2025-07-31,3+,182678,0.2
Nov 2024,PAK,241490000,SINDH,Umer Kot,first projection,2025-04-01,2025-07-31,1,365356,0.4
Nov 2024,PAK,241490000,SINDH,Umer Kot,first projection,2025-04-01,2025-07-31,2,365356,0.4
Nov 2024,PAK,241490000,SINDH,Umer Kot,first projection,2025-04-01,2025-07-31,3,182678,0.2
Nov 2024,PAK,241490000,SINDH,Umer Kot,first projection,2025-04-01,2025-07-31,4,0,0
Nov 2024,PAK,241490000,SINDH,Umer Kot,first projection,2025-04-01,2025-07-31,5,0,0
Nov 2024,PAK,241490000,SINDH,Thatta,current,2024-11-01,2025-03-31,all,904312,1.0
Nov 2024,PAK,241490000,SINDH,Thatta,current,2024-11-01,2025-03-31,3+,180863,0.2
Nov 2024,PAK,241490000,SINDH,Thatta,current,2024-11-01,2025-03-31,1,406940,0.45
Nov 2024,PAK,241490000,SINDH,Thatta,current,2024-11-01,2025-03-31,2,316509,0.35
Nov 2024,PAK,241490000,SINDH,Thatta,current,2024-11-01,2025-03-31,3,135647,0.15
Nov 2024,PAK,241490000,SINDH,Thatta,current,2024-11-01,2025-03-31,4,45216,0.05
Nov 2024,PAK,241490000,SINDH,Thatta,current,2024-11-01,2025-03-31,5,0,0
Nov 2024,PAK,241490000,SINDH,Thatta,first projection,2025-04-01,2025-07-31,all,904312,1.0
Nov 2024,PAK,241490000,SINDH,Thatta,first projection,2025-04-01,2025-07-31,3+,180862,0.2
Nov 2024,PAK,241490000,SINDH,Thatta,first projection,2025-04-01,2025-07-31,1,406940,0.45
Nov 2024,PAK,241490000,SINDH,Thatta,first projection,2025-04-01,2025-07-31,2,316509,0.35
Nov 2024,PAK,241490000,SINDH,Thatta,first projection,2025-04-01,2025-07-31,3,180862,0.2
Nov 2024,PAK,241490000,SINDH,Thatta,first projection,2025-04-01,2025-07-31,4,0,0
Nov 2024,PAK,241490000,SINDH,Thatta,first projection,2025-04-01,2025-07-31,5,0,0
Nov 2024,PAK,241490000,SINDH,Tharparkar,current,2024-11-01,2025-03-31,all,1654816,1.0
Nov 2024,PAK,241490000,SINDH,Tharparkar,current,2024-11-01,2025-03-31,3+,413704,0.25
Nov 2024,PAK,241490000,SINDH,Tharparkar,current,2024-11-01,2025-03-31,1,579186,0.35
Nov 2024,PAK,241490000,SINDH,Tharparkar,current,2024-11-01,2025-03-31,2,661926,0.4
Nov 2024,PAK,241490000,SINDH,Tharparkar,current,2024-11-01,2025-03-31,3,330963,0.2
Nov 2024,PAK,241490000,SINDH,Tharparkar,current,2024-11-01,2025-03-31,4,82741,0.05
Nov 2024,PAK,241490000,SINDH,Tharparkar,current,2024-11-01,2025-03-31,5,0,0
Nov 2024,PAK,241490000,SINDH,Tharparkar,first projection,2025-04-01,2025-07-31,all,1654816,1.0
Nov 2024,PAK,241490000,SINDH,Tharparkar,first projection,2025-04-01,2025-07-31,3+,413704,0.25
Nov 2024,PAK,241490000,SINDH,Tharparkar,first projection,2025-04-01,2025-07-31,1,579186,0.35
Nov 2024,PAK,241490000,SINDH,Tharparkar,first projection,2025-04-01,2025-07-31,2,661926,0.4
Nov 2024,PAK,241490000,SINDH,Tharparkar,first projection,2025-04-01,2025-07-31,3,330963,0.2
Nov 2024,PAK,241490000,SINDH,Tharparkar,first projection,2025-04-01,2025-07-31,4,82741,0.05
Nov 2024,PAK,241490000,SINDH,Tharparkar,first projection,2025-04-01,2025-07-31,5,0,0
Nov 2024,PAK,241490000,SINDH,Shaheed Benazir Abad,current,2024-11-01,2025-03-31,all,1268807,1.0
Nov 2024,PAK,241490000,SINDH,Shaheed Benazir Abad,current,2024-11-01,2025-03-31,3+,253761,0.2
Nov 2024,PAK,241490000,SINDH,Shaheed Benazir Abad,current,2024-11-01,2025-03-31,1,634404,0.5
Nov 2024,PAK,241490000,SINDH,Shaheed Benazir Abad,current,2024-11-01,2025-03-31,2,380642,0.3
Nov 2024,PAK,241490000,SINDH,Shaheed Benazir Abad,current,2024-11-01,2025-03-31,3,190321,0.15
Nov 2024,PAK,241490000,SINDH,Shaheed Benazir Abad,current,2024-11-01,2025-03-31,4,63440,0.05
Nov 2024,PAK,241490000,SINDH,Shaheed Benazir Abad,current,2024-11-01,2025-03-31,5,0,0
Nov 2024,PAK,241490000,SINDH,Shaheed Benazir Abad,first projection,2025-04-01,2025-07-31,all,1268807,1.0
Nov 2024,PAK,241490000,SINDH,Shaheed Benazir Abad,first projection,2025-04-01,2025-07-31,3+,190321,0.15
Nov 2024,PAK,241490000,SINDH,Shaheed Benazir Abad,first projection,2025-04-01,2025-07-31,1,697844,0.55
Nov 2024,PAK,241490000,SINDH,Shaheed Benazir Abad,first projection,2025-04-01,2025-07-31,2,380642,0.3
Nov 2024,PAK,241490000,SINDH,Shaheed Benazir Abad,first projection,2025-04-01,2025-07-31,3,190321,0.15
Nov 2024,PAK,241490000,SINDH,Shaheed Benazir Abad,first projection,2025-04-01,2025-07-31,4,0,0
Nov 2024,PAK,241490000,SINDH,Shaheed Benazir Abad,first projection,2025-04-01,2025-07-31,5,0,0
Nov 2024,PAK,241490000,SINDH,Qambar Shahdadkot,current,2024-11-01,2025-03-31,all,1120579,1.0
Nov 2024,PAK,241490000,SINDH,Qambar Shahdadkot,current,2024-11-01,2025-03-31,3+,224116,0.2
Nov 2024,PAK,241490000,SINDH,Qambar Shahdadkot,current,2024-11-01,2025-03-31,1,560290,0.5
Nov 2024,PAK,241490000,SINDH,Qambar Shahdadkot,current,2024-11-01,2025-03-31,2,336174,0.3
Nov 2024,PAK,241490000,SINDH,Qambar Shahdadkot,current,2024-11-01,2025-03-31,3,168087,0.15
Nov 2024,PAK,241490000,SINDH,Qambar Shahdadkot,current,2024-11-01,2025-03-31,4,56029,0.05
Nov 2024,PAK,241490000,SINDH,Qambar Shahdadkot,current,2024-11-01,2025-03-31,5,0,0
Nov 2024,PAK,241490000,SINDH,Qambar Shahdadkot,first projection,2025-04-01,2025-07-31,all,1120579,1.0
Nov 2024,PAK,241490000,SINDH,Qambar Shahdadkot,first projection,2025-04-01,2025-07-31,3+,168087,0.15
Nov 2024,PAK,241490000,SINDH,Qambar Shahdadkot,first projection,2025-04-01,2025-07-31,1,560290,0.5
Nov 2024,PAK,241490000,SINDH,Qambar Shahdadkot,first projection,2025-04-01,2025-07-31,2,392203,0.35
Nov 2024,PAK,241490000,SINDH,Qambar Shahdadkot,first projection,2025-04-01,2025-07-31,3,168087,0.15
Nov 2024,PAK,241490000,SINDH,Qambar Shahdadkot,first projection,2025-04-01,2025-07-31,4,0,0
Nov 2024,PAK,241490000,SINDH,Qambar Shahdadkot,first projection,2025-04-01,2025-07-31,5,0,0
